<?xml version="1.0"?>
<PropertyList>

	<sim>

		<description>Boeing 737-600</description>
		<author>David Culp (FDM),Syd Adams(glass instruments),Innis Cunningham (3D and Panel)</author>
		<status>early-production</status>

		<flight-model>jsb</flight-model>
		<aero>738</aero>

                <startup>
            	  <splash-texture>Aircraft/737NG600/splash-600.png</splash-texture>
        	 </startup>

		<systems>
                     <path>Aircraft/737NG600/Systems/systems.xml</path>
			<autopilot>
				<path>Aircraft/737NG600/Systems/737-autopilotV4.xml</path>
			</autopilot>
			
		</systems>

                 <instrumentation>
            <path>Aircraft/737NG600/Systems/instrumentation.xml</path>
       		</instrumentation>        


		<sound>
			<path>Aircraft/737NG600/Sounds/737-sound.xml</path>
		</sound>

		<virtual-cockpit archive="y">true</virtual-cockpit>
		<allow-toggle-cockpit archive="y">false</allow-toggle-cockpit>              	
               
		<model>
			<path>Aircraft/737NG600/Models/736.xml</path>
                         <pushback>
                        <kp type="double">100</kp>
                        <ki type="double">25</ki>
                        <kd type="double">0</kd>
                        <position-norm type="double">0</position-norm>
                    </pushback>
		</model>
                
		<view>
			<internal archive="y">true</internal>
			<config>
				<!-- x/y/z == right/up/back --> 
				<x-offset-m archive="y">-0.4</x-offset-m>
				<y-offset-m archive="y">1.51</y-offset-m>
				<z-offset-m archive="y">-13.64</z-offset-m>
				<pitch-offset-deg archive="y">-8.0</pitch-offset-deg>
			</config>
		</view>
                 
		<view n="1">
			<config>
				<!-- big plane, so extend chase view offset a bit -->
				<z-offset-m type="double"
										archive="y">-80.0</z-offset-m>
			</config>
		</view>

		<chase-distance-m>-30</chase-distance-m>

		<flaps>
			<setting>0.000</setting>
			<!-- flaps up -->
			<setting>0.125</setting>
			<!-- flaps 1  -->
			<setting>0.250</setting>
			<!-- flaps 2  -->
			<setting>0.375</setting>
			<!-- flaps 5  -->
			<setting>0.500</setting>
			<!-- flaps 10 -->
			<setting>0.625</setting>
			<!-- flaps 15 -->
			<setting>0.750</setting>
			<!-- flaps 25 -->
			<setting>0.875</setting>
			<!-- flaps 30 -->
			<setting>1.000</setting>
			<!-- flaps 40 -->
		</flaps>

		<ai>
			<submodels>
				<contrails type="bool">false</contrails>
			</submodels>
		</ai>

		<submodels>
			<serviceable>true</serviceable>
			<path>Aircraft/737NG600/submodels.xml</path>
		</submodels>

              <menubar>
           <default>
    
             <menu n="5">
                  <item n="10">
                  <label>Pushback</label>
                  <name>pushback</name>
                  <binding>
                  <command>dialog-show</command>
                  <dialog-name>pushback</dialog-name>
                  </binding>
                  </item>
            </menu>

           <menu n="100">
                    <label>737-600</label>
                    <enabled type="bool">true</enabled>
                    <item>
                        <label>Autostart</label>
                        <binding>
                            <command>property-toggle</command>
                            <property>sim/model/start-idling</property>
                        </binding>
                    </item>
                    <item>
                        <label>Select Livery</label>
                        <binding>
                            <command>nasal</command>
                            <script>aircraft.livery.dialog.toggle()</script>
                        </binding>
                    </item>
          </menu>

         </default>
       </menubar> 

	</sim>

	<consumables>
		<fuel>
			<tank n="0">
				<level-gal_us archive="y">1540</level-gal_us>
			</tank>
			<tank n="1">
				<level-gal_us archive="y">1540</level-gal_us>
			</tank>
			<tank n="2">
				<level-gal_us archive="y">0</level-gal_us>
			</tank>
		</fuel>
	</consumables>

	<engines>
		<engine n="0">
			<running>true</running>
		</engine>
		<engine n="1">
			<running>true</running>
		</engine>
	</engines>

	<controls>
		<autoflight>
                       <autopilot>
                             <engage type="bool">false</engage>
                             <alt-hld type="bool">false</alt-hld>
                             <app type="bool">false</app>
                             <vor type="bool">false</vor>
                             <hdg-sel type="bool">false</hdg-sel>
                             <vnav type="bool">false</vnav>
                             <lnav type="bool">false</lnav>
                       </autopilot>
                </autoflight>	

       
		<gear>
			<autobrakes type="int">-1</autobrakes>
			<!-- 0=off, 1=1, 2=2, 3=3, 4=MAX, -1=RTO -->
		</gear>
		<flight>
			<autospeedbrakes-armed type="string">false</autospeedbrakes-armed>
                        <speedbrake-lever type="int">0</speedbrake-lever>
		</flight>
	</controls>

	<nasal>                
		  <B737>
                       <file>Aircraft/737NG600/Systems/600.nas</file> 
		      <file>Aircraft/737NG600/Systems/air-ground.nas</file>                 
                      <file>Aircraft/737NG600/Systems/TEST.nas</file> 
                      <file>Aircraft/737NG600/Systems/systems.nas</file>     
                      <file>Aircraft/737NG600/Systems/Electrical.nas</file> <!--
                      <file>Aircraft/737NG600/Systems/AFDS.nas</file>-->
                      <file>Aircraft/737NG600/Systems/flightdirector.nas</file>
                      <file>Aircraft/737NG600/Systems/doors.nas</file>              
                      <file>Aircraft/737NG600/Systems/lighting.nas</file>                          
                </B737>                
	</nasal>

	<instrumentation>

              <radar>
            <switch type="string" archive="y">on</switch>
            <mode-control type="int" archive="y">1</mode-control>
            <display-mode>plan</display-mode>
            <display-controls>
                <WX type="bool" archive="y">false</WX>
                <pos type="bool" archive="y">true</pos>
                <data type="bool" archive="y">true</data>
                <symbol type="bool" archive="y">true</symbol>
                <rotate type="bool" archive="y">true</rotate>
            </display-controls>
            <serviceable type="bool">true</serviceable>
            <range type="int" archive="y">10</range>
            <reference-range-nm type="double" archive="y">640</reference-range-nm>
            <mode type="string" archive="y">WX</mode>
            <font>
                <color>
                    <red type="float">0.7</red>
                    <green type="float">0.7</green>
                    <blue type="float">0.7</blue>
                    <alpha type="float">1</alpha>
                </color>
                <name type="string" archive="y">helvetica_bold.txf</name>
                <size type="float">8I think all</size>
                <line-spacing type="float">0.2</line-spacing>
            </font>
            <lightning type="bool" archive="y">true</lightning>
            <display-mode type="string" archive="y">arc</display-mode>
            <radar-texture-path type="string" archive="y">Aircraft/737NG600/Models/Instruments/MFD/od_wxradar.png</radar-texture-path>
            <echo-texture-path type="string" archive="y">Aircraft/737NG600/Models/Instruments/MFD/wxecho.png</echo-texture-path>
            <minimized type="bool" archive="y">false</minimized>
            <heading-marker type="bool" archive="y">true</heading-marker>
            <limit-deg type="int">360</limit-deg>
        </radar>
          
		<dme>
			<switch-position>1</switch-position>
		</dme>
	</instrumentation>

	<systems>
		<autoflight>
			<serviceable type="bool">true</serviceable>
		</autoflight>
                <hydraulic>
                         <system-a-hydraulic-qty type="double">8</system-a-hydraulic-qty>
                         <system-b-hydraulic-qty type="double">8</system-b-hydraulic-qty>
                </hydraulic>
	</systems>

	<!-- presets for the FlightGear autoflight system MCP panel -->
	<autopilot>
		<settings>
			<target-altitude-ft type="double">4000.0</target-altitude-ft>
			<heading-bug-deg type="double">283.0</heading-bug-deg>
			<target-speed-kt type="double">200.0</target-speed-kt>
		</settings>
	</autopilot>

	<!-- presets for the JSBSim autoflight system MCP panel -->
	<fdm>
		<jsbsim>
			<ap>
				<heading_setpoint type="double">283.0</heading_setpoint>
			</ap>
		</jsbsim>
	</fdm>

	<environment>
		<params>
			<contrail-altitude>50000</contrail-altitude>
		</params>
	</environment>

</PropertyList>




