<?xml version="1.0"?>
<PropertyList>

<name>EFIS Panel</name>
<background>Aircraft/737NG600/Models/Instruments/EICAS/transparent.png</background>
<w>270</w>
<h>270</h>
 
    <instruments>     
     
    <instrument include="RHn1.xml">
        <condition>
            <greater-than>
                <property>systems/electrical/outputs/efis</property>
                <value>15</value>
            </greater-than>
        </condition>
        <name>LHn1</name>
        <x>60.3</x>
        <y>205</y>
        <w>50</w>
        <h>50</h>
    </instrument> 

    <instrument include="LHn1.xml">
        <condition>
            <greater-than>
               <property>systems/electrical/outputs/efis</property>
                <value>15</value>
            </greater-than>
        </condition>
        <name>LHn1</name>
        <x>110</x>
        <y>205</y>
        <w>50</w>
        <h>50</h>
    </instrument> 
      
    <instrument include="LHegt.xml">
        <condition>
            <greater-than>
               <property>systems/electrical/outputs/efis</property>
                <value>15</value>
            </greater-than>
        </condition>
        <name>LHn1</name>
        <x>60.3</x>
        <y>164.4</y>
        <w>37</w>
        <h>37</h>
    </instrument>
      
    <instrument include="RHegt.xml">
        <condition>
            <greater-than>
                <property>systems/electrical/outputs/efis</property>
                <value>15</value>
            </greater-than>
        </condition>
        <name>RHn1</name>
        <x>107.9</x>
        <y>163.4</y>
        <w>37</w>
        <h>37</h>
    </instrument>
     
    <instrument include="Gear.xml">
        <condition>
            <greater-than>
               <property>systems/electrical/outputs/efis</property>
                <value>15</value>
            </greater-than>
        </condition>
        <name>gear-annun</name>
        <x>199.0</x>
        <y>118.0</y>
        <w>28</w>
        <h>22</h>
    </instrument>

    <instrument include="Flaps.xml">
        <condition>
            <and>
                <greater-than>
                   <property>systems/electrical/outputs/efis</property>
                    <value>15</value>
                </greater-than>
                <greater-than>
                    <property>surface-positions/flap-pos-norm</property>
                    <value>0</value>
                </greater-than>
            </and>
        </condition>
        <name>flaps</name>
        <x>190.0</x>
        <y>68.0</y>
        <w>20</w>
        <h>50</h>
    </instrument> 
    
    <instrument include="mask.xml">
        <condition>
            <greater-than>
                <property>systems/electrical/outputs/efis</property>
                <value>15</value>
            </greater-than>
        </condition>
        <name>mask</name>
        <x>140</x>
        <y>133</y>
        <w>215</w>
        <h>215</h>
    </instrument>         
    
 </instruments>

</PropertyList>
