<!--
Syd Adams
777-200 EICAS
-->

<PropertyList>

 <path>eicas.ac</path>
     
    <panel>
        <path>Aircraft/737NG600/Models/Instruments/EICAS/eicas-panel.xml</path>
        <bottom-left>
            <x-m>0.003</x-m>
            <y-m>-0.090</y-m>
            <z-m>-0.087</z-m>
        </bottom-left>
        <bottom-right>
            <x-m>0.003</x-m>
            <y-m>0.090</y-m>
            <z-m>-0.087</z-m>
        </bottom-right>
        <top-left>
            <x-m>0.003</x-m>
            <y-m>-0.090</y-m>
            <z-m>0.094</z-m>
        </top-left>
    </panel>
     
    <panel>
        <path>Aircraft/737NG600/Models/Instruments/EICAS/eicas-text-panel.xml</path>
        <bottom-left>
            <x-m>0.004</x-m>
            <y-m>-0.090</y-m>
            <z-m>-0.087</z-m>
        </bottom-left>
        <bottom-right>
            <x-m>0.004</x-m>
            <y-m>0.090</y-m>
            <z-m>-0.087</z-m>
        </bottom-right>
        <top-left>
            <x-m>0.004</x-m>
            <y-m>-0.090</y-m>
            <z-m>0.094</z-m>
        </top-left>
    </panel>
     
</PropertyList>
