<?xml version="1.0"?>


<PropertyList>
    <name>EICAS</name>
    <w-base>256</w-base>
    <h-base>256</h-base>

    <layers>    

    <layer>
        <name>temp1</name>
        <type>text</type>
        <font>arial_black</font>
        <point-size>7</point-size>
        <color>
            <red>0.7</red>
            <green>0.7</green>
            <blue>0.7</blue>
        </color>
        <chunks>
            <chunk>
                <type>number-value</type>
                <property>environment/temperature-degc</property>
                <format>%2.0fc</format>
            </chunk>
        </chunks>
        <transformations>
            <transformation>
                <type>x-shift</type>
                <offset>-70</offset>
            </transformation>
            <transformation>
                <type>y-shift</type>
                <offset>90</offset>
            </transformation>
        </transformations>
    </layer>     

    <layer>
        <name>temp2</name>
        <type>text</type>
        <font>arial_black</font>
        <point-size>5</point-size>
        <color>
            <red>0.7</red>
            <green>0.7</green>
            <blue>0.7</blue>
        </color>
        <chunks>
            <chunk>
                <type>number-value</type>
                <property>consumables/fuel/tank[0]/temperature_degC</property>
                <format>%2.0fc</format>
            </chunk>
        </chunks>
        <transformations>
            <transformation>
                <type>x-shift</type>
                <offset>58</offset>
            </transformation>
            <transformation>
                <type>y-shift</type>
                <offset>-98</offset>
            </transformation>
        </transformations>
    </layer>

<!-- engines-->

    <layer>
        <name>egt01</name>
        <type>text</type>
        <font>arial_black</font>
        <point-size>5</point-size>
        <color>
            <red>0.7</red>
            <green>0.7</green>
            <blue>0.7</blue>
        </color>
        <chunks>
            <chunk>
                <type>number-value</type>
                <property>/engines/engine[0]/egt-degc</property>
                <format>%3.0f</format>
            </chunk>
        </chunks>
        <transformations>
            <transformation>
                <type>x-shift</type>
                <offset>-69</offset>
            </transformation>
            <transformation>
                <type>y-shift</type>
                <offset>30</offset>
            </transformation>
        </transformations>
    </layer>

    <layer>
        <name>egt02</name>
        <type>text</type>
        <font>arial_black</font>
        <point-size>5</point-size>
        <color>
            <red>0.7</red>
            <green>0.7</green>
            <blue>0.7</blue>
        </color>
        <chunks>
            <chunk>
                <type>number-value</type>
               <property>/engines/engine[1]/egt-degc</property>
                <format>%3.0f</format>
            </chunk>
        </chunks>
        <transformations>
            <transformation>
                <type>x-shift</type>
                <offset>-25</offset>
            </transformation>
            <transformation>
                <type>y-shift</type>
                <offset>30</offset>
            </transformation>
        </transformations>
    </layer>

    <layer>
        <name>n101</name>
        <type>text</type>
        <font>arial_black</font>
        <point-size>5</point-size>
        <color>
            <red>0.7</red>
            <green>0.7</green>
            <blue>0.7</blue>
        </color>
        <chunks>
            <chunk>
                <type>number-value</type>
                <property>engines/engine[0]/n1</property>
                <format>%3.1f</format>
            </chunk>
        </chunks>
        <transformations>
            <transformation>
                <type>x-shift</type>
                <offset>-70</offset>
            </transformation>
            <transformation>
                <type>y-shift</type>
                <offset>70</offset>
            </transformation>
        </transformations>
    </layer>

    <layer>
        <name>n102</name>
        <type>text</type>
        <font>arial_black</font>
        <point-size>5</point-size>
        <color>
            <red>0.7</red>
            <green>0.7</green>
            <blue>0.7</blue>
        </color>
        <chunks>
            <chunk>
                <type>number-value</type>
                <property>engines/engine[1]/n1</property>
                <format>%3.1f</format>
            </chunk>
        </chunks>
        <transformations>
            <transformation>
                <type>x-shift</type>
                <offset>-22</offset>
            </transformation>
            <transformation>
                <type>y-shift</type>
                <offset>70</offset>
            </transformation>
        </transformations>
    </layer>

     <layer>
        <name>FUEL1</name>
        <type>text</type>
        <font>arial_black</font>
        <point-size>5</point-size>
        <color>
            <red>1.0</red>
            <green>0.7</green>
            <blue>0.0</blue>
        </color>
        <chunks>
            <chunk>
                <type>number-value</type>
                <property>consumables/fuel/tank[0]/level-lbs</property>
                <scale>0.001</scale>
                <format>%1.2f</format>
            </chunk>
        </chunks>
        <transformations>
            <transformation>
                <type>x-shift</type>
                <offset>22</offset>
            </transformation>
            <transformation>
                <type>y-shift</type>
                <offset>-77</offset>
            </transformation>
        </transformations>
    </layer>

    <layer>
        <name>FUEL2</name>
        <type>text</type>
        <font>arial_black</font>
        <point-size>5</point-size>
        <color>
            <red>1.0</red>
            <green>0.7</green>
            <blue>0.0</blue>
        </color>
        <chunks>
            <chunk>
                <type>number-value</type>
                <property>consumables/fuel/tank[1]/level-lbs</property>
                <scale>0.001</scale>
                <format>%1.2f</format>
            </chunk>
        </chunks>
        <transformations>
            <transformation>
                <type>x-shift</type>
                <offset>78</offset>
            </transformation>
            <transformation>
                <type>y-shift</type>
                <offset>-77</offset>
            </transformation>
        </transformations>
    </layer>

    <layer>
        <name>FUEL_CTR</name>
        <type>text</type>
        <font>arial_black</font>
        <point-size>5</point-size>
        <color>
            <red>1.0</red>
            <green>0.7</green>
            <blue>0.0</blue>
        </color>
        <chunks>
            <chunk>
                <type>number-value</type>
                <property>consumables/fuel/tank[2]/level-lbs</property>
                <scale>0.001</scale>
                <format>%1.2f</format>
            </chunk>
        </chunks>
        <transformations>
            <transformation>
                <type>x-shift</type>
                <offset>57</offset>
            </transformation>
            <transformation>
                <type>y-shift</type>
                <offset>-77</offset>
            </transformation>
        </transformations>
    </layer>

    <layer>
        <name>FUEL-USED1</name>
        <type>text</type>
        <font>arial_black</font>
        <point-size>5</point-size>
        <color>
            <red>0.8</red>
            <green>0.8</green>
            <blue>0.8</blue>
        </color>
        <chunks>
            <chunk>
                <type>number-value</type>
                <property>engines/engine[0]/fuel-flow_pph</property>                 
                <format>%3.0f</format>
            </chunk>
        </chunks>
        <transformations>
            <transformation>
                <type>x-shift</type>
                <offset>-83</offset>
            </transformation>
            <transformation>
                <type>y-shift</type>
                <offset>-12</offset>
            </transformation>
        </transformations>
    </layer>
    
    <layer>
        <name>FUEL-USED2</name>
        <type>text</type>
        <font>arial_black</font>
        <point-size>5</point-size>
        <color>
            <red>0.8</red>
            <green>0.8</green>
            <blue>0.8</blue>
        </color>
        <chunks>
            <chunk>
                <type>number-value</type>
                <property>engines/engine[1]/fuel-flow_pph</property>                 
                <format>%3.0f</format>
            </chunk>
        </chunks>
        <transformations>
            <transformation>
                <type>x-shift</type>
                <offset>-37</offset>
            </transformation>
            <transformation>
                <type>y-shift</type>
                <offset>-12</offset>
            </transformation>
        </transformations>
    </layer>


    </layers>

</PropertyList>
