<?xml version="1.0"?>


<PropertyList>
    <name>Gear</name>
    <w-base>28</w-base>
    <h-base>22</h-base>

    <layers>

        <layer>
            <condition>
                <greater-than>
                    <property>gear/gear/position-norm</property>
                    <value>0.0</value>
                </greater-than>
            </condition>
            <name>gear-unlocked</name>
            <emissive>true</emissive>
            <w>28</w>
            <h>22</h>
            <texture>
                <path>Aircraft/737NG600/Models/Instruments/EICAS/gauges.png</path>
                <x1>0.717</x1>
                <y1>0.655</y1>
                <x2>0.961</x2>
                <y2>0.850</y2>
            </texture>
        </layer>

        <layer>
            <condition>
                <equals>
                    <property>gear/gear/position-norm</property>
                    <value>1.0</value>
                </equals>
            </condition>
            <name>gear-down</name>
            <emissive>true</emissive>
            <w>28</w>
            <h>14</h>
            <texture>
                <path>Aircraft/737NG600/Models/Instruments/EICAS/gauges.png</path>
                <x1>0.717</x1>
                <y1>0.869</y1>
                <x2>0.961</x2>
                <y2>0.983</y2>
            </texture>
            <transformations>
                <transformation>
                    <type>y-shift</type>
                    <offset>4.2</offset>
                </transformation>
            </transformations>
        </layer>

    </layers>

</PropertyList>
