<?xml version="1.0"?>


<PropertyList>
    <name>LHepr</name>
    <w-base>45</w-base>
    <h-base>45</h-base>

    <layers>
        
        <layer>
            <name>needle1</name>
            <emissive>true</emissive>
            <w>25</w>
            <h>25</h>
            <texture>
                <path>Aircraft/737NG600/Models/Instruments/EICAS/gauges.png</path>
                <x1>0.016</x1>
                <y1>0.25</y1>
                <x2>0.232</x2>
                <y2>0.465</y2>
            </texture>
            <transformations>
                <transformation>
                    <type>rotation</type>
                   <property>/engines/engine[0]/egt-degf</property>
                    <scale>0.2</scale>
                    <offset>-70</offset>                     
                </transformation>
                <transformation>
                    <type>y-shift</type>
                    <offset>12</offset>
                </transformation>
                <transformation>
                    <type>x-shift</type>
                    <offset>12</offset>
                </transformation>
            </transformations>
        </layer>
       
        <layer>
            <name>needle2</name>
            <emissive>true</emissive>
            <w>25</w>
            <h>25</h>
            <texture>
                <path>Aircraft/737NG600/Models/Instruments/EICAS/gauges.png</path>
                <x1>0.016</x1>
                <y1>0.27</y1>
                <x2>0.232</x2>
                <y2>0.465</y2>
            </texture>
            <transformations>
                <transformation>
                    <type>rotation</type>
                    <property>/engines/engine[0]/egt-degf</property>
                    <scale>0.1</scale>
                    <offset>-20</offset>                      
                </transformation>
                <transformation>
                    <type>y-shift</type>
                    <offset>12</offset>
                </transformation>
                <transformation>
                    <type>x-shift</type>
                    <offset>12</offset>
                </transformation>
            </transformations>
        </layer>
         
        <layer>
            <name>needle3</name>
            <emissive>true</emissive>
            <w>25</w>
            <h>25</h>
            <texture>
                <path>Aircraft/737NG600/Models/Instruments/EICAS/gauges.png</path>
                <x1>0.016</x1>
                <y1>0.27</y1>
                <x2>0.232</x2>
                <y2>0.465</y2>
            </texture>
            <transformations>
                <transformation>
                    <type>rotation</type>
                    <property>/engines/engine[0]/egt-degf</property>
                    <scale>0.05</scale>
                </transformation>
                <transformation>
                    <type>y-shift</type>
                    <offset>12</offset>
                </transformation>
                <transformation>
                    <type>x-shift</type>
                    <offset>12</offset>
                </transformation>
            </transformations>
        </layer>
        <!--
        <layer>
            <name>ggmask</name>
            <emissive>true</emissive>
            <w>58</w>
            <h>58</h>
            <texture>
                <path>Aircraft/737NG600/Models/Instruments/EICAS/gauges.png</path>
                <x1>0.0</x1>
                <y1>0.5</y1>
                <x2>0.5</x2>
                <y2>1.0</y2>
            </texture>
        </layer>
        -->
    </layers>

</PropertyList>
