<?xml version="1.0"?>


<PropertyList>
    <name>ALTtape</name>
    <w-base>33</w-base>
    <h-base>176</h-base>

    <layers>

    <layer>
        <name>alttape1</name>
        <w>34</w>
        <h>2275</h>
        <texture>
            <path>Aircraft/737NG600/Models/Instruments/PFD/alt-tape.png</path>
            <x1>0.035</x1>
            <y1>0.012</y1>
            <x2>0.145</x2>
            <y2>0.991</y2>
        </texture>
        <transformations>
            <transformation>
                <type>y-shift</type>
                <offset>1050</offset>
            </transformation>
            <transformation>
                <type>y-shift</type>
                <property>instrumentation/altimeter/indicated-altitude-ft</property>
                <scale>-0.2187</scale>
            </transformation>
        </transformations>
        <emissive>true</emissive>
    </layer>

    <layer>
        <name>alttape2</name>
        <w>34</w>
        <h>2275</h>
        <texture>
            <path>Aircraft/737NG600/Models/Instruments/PFD/alt-tape.png</path>
            <x1>0.155</x1>
            <y1>0.012</y1>
            <x2>0.265</x2>
            <y2>0.991</y2>
        </texture>
        <transformations>
            <transformation>
                <type>y-shift</type>
                <offset>3149.5</offset>
            </transformation>
            <transformation>
                <type>y-shift</type>
                <property>instrumentation/altimeter/indicated-altitude-ft</property>
                <scale>-0.2187</scale>
            </transformation>
        </transformations>
        <emissive>true</emissive>
    </layer>

    <layer>
        <name>alttape3</name>
        <w>34</w>
        <h>2275</h>
        <texture>
            <path>Aircraft/737NG600/Models/Instruments/PFD/alt-tape.png</path>
            <x1>0.275</x1>
            <y1>0.012</y1>
            <x2>0.385</x2>
            <y2>0.991</y2>
        </texture>
        <transformations>
            <transformation>
                <type>y-shift</type>
                <offset>5249.5</offset>
            </transformation>
            <transformation>
                <type>y-shift</type>
                <property>instrumentation/altimeter/indicated-altitude-ft</property>
                <scale>-0.2187</scale>
            </transformation>
        </transformations>
        <emissive>true</emissive>
    </layer>

    <layer>
        <name>alttape4</name>
        <w>34</w>
        <h>2275</h>
        <texture>
            <path>Aircraft/737NG600/Models/Instruments/PFD/alt-tape.png</path>
            <x1>0.395</x1>
            <y1>0.012</y1>
            <x2>0.505</x2>
            <y2>0.991</y2>
        </texture>
        <transformations>
            <transformation>
                <type>y-shift</type>
                <offset>7349.0</offset>
            </transformation>
            <transformation>
                <type>y-shift</type>
                <property>instrumentation/altimeter/indicated-altitude-ft</property>
                <scale>-0.2187</scale>
            </transformation>
        </transformations>
        <emissive>true</emissive>
    </layer>

    <layer>
        <name>alttape5</name>
        <w>34</w>
        <h>2275</h>
        <texture>
            <path>Aircraft/737NG600/Models/Instruments/PFD/alt-tape.png</path>
            <x1>0.515</x1>
            <y1>0.012</y1>
            <x2>0.625</x2>
            <y2>0.991</y2>
        </texture>
        <transformations>
            <transformation>
                <type>y-shift</type>
                <offset>9449.0</offset>
            </transformation>
            <transformation>
                <type>y-shift</type>
                <property>instrumentation/altimeter/indicated-altitude-ft</property>
                <scale>-0.2187</scale>
            </transformation>
        </transformations>
        <emissive>true</emissive>
    </layer>

    <layer>
        <name>Ralt</name>
        <w>34</w>
        <h>90</h>
        <texture>
            <path>Aircraft/737NG600/Models/Instruments/PFD/ati.png</path>
            <x1>0.394</x1>
            <y1>0.162</y1>
            <x2>0.490</x2>
            <y2>0.500</y2>
        </texture>
        <transformations>
            <transformation>
                <type>y-shift</type>
                <offset>-45.0</offset>
            </transformation>
            <transformation>
                <type>y-shift</type>
                <property>position/gear-agl-ft</property>
                <scale>-0.0352</scale>
            </transformation>
        </transformations>
        <emissive>true</emissive>
    </layer>

    <layer>
        <name>alt-select</name>
        <w>8</w>
        <h>30</h>
        <texture>
            <path>Aircraft/737NG600/Models/Instruments/PFD/ati.png</path>
            <x1>0.530</x1>
            <y1>0.420</y1>
            <x2>0.587</x2>
            <y2>0.300</y2>
        </texture>
        <transformations>
            <transformation>
                <type>x-shift</type>
                <offset>-13</offset>
            </transformation>
            <transformation>
                <type>y-shift</type>
                <offset>1</offset>
            </transformation>
            <transformation>
                <type>y-shift</type>
                <property>autopilot/internal/target-climb-rate-fps</property>
                <scale>3</scale>
            </transformation>
        </transformations>
        <emissive>true</emissive>
    </layer>

</layers>

</PropertyList>
