<?xml version="1.0"?>


<PropertyList>
    <name>FD bars</name>
    <w-base>128</w-base>
    <h-base>110</h-base>

    <layers>
    <layer>
   <name>hbar</name>
   <w>60</w>
   <h>2</h>
   <emissive>true</emissive>
   <texture>
    <path>Aircraft/737NG600/Models/Instruments/PFD/ati.png</path>
    <x1>0.647</x1>
    <y1>0.443</y1>
    <x2>0.682</x2>
    <y2>0.475</y2>
    </texture>
   <transformations>
    <transformation>
     <type>y-shift</type>
     <property>/orientation/pitch-deg</property>
     <scale>-3.14</scale>
    </transformation>
    <transformation>
     <type>y-shift</type>
     <property>/autopilot/internal/target-pitch-deg</property>
     <scale>3.15</scale>
    </transformation>
   </transformations>
  </layer>

  <layer>
   <name>vbar</name>
   <w>2</w>
   <h>60</h>
   <emissive>true</emissive>
   <texture>
    <path>Aircraft/737NG600/Models/Instruments/PFD/ati.png</path>
    <x1>0.647</x1>
    <y1>0.443</y1>
    <x2>0.682</x2>
    <y2>0.475</y2>
    </texture>
   <transformations>
    <transformation>
     <type>x-shift</type>
     <property>/orientation/roll-deg</property>
     <scale>-1</scale>
    </transformation>
    <transformation>
     <type>x-shift</type>
     <property>/autopilot/internal/target-roll-deg</property>
     <scale>1</scale>
    </transformation>
   </transformations>
  </layer>

</layers>

</PropertyList>
