<?xml version="1.0"?>


<PropertyList>
    <name>GSscale</name>
    <w-base>8</w-base>
    <h-base>78</h-base>

    <layers>

    <layer>
        <name>Gscale</name>
        <w>8</w>
        <h>78</h>
        <texture>
            <path>Aircraft/737NG600/Models/Instruments/PFD/ati.png</path>
            <x1>0.516</x1>
            <y1>0.015</y1>
            <x2>0.540</x2>
            <y2>0.250</y2>
        </texture>
        <emissive>true</emissive>
    </layer>

    <layer>
        <name>gsneedle</name>
        <w>8</w>
        <h>18</h>
        <texture>
            <path>Aircraft/737NG600/Models/Instruments/PFD/ati.png</path>
            <x1>0.722</x1>
            <y1>0.355</y1>
            <x2>0.746</x2>
            <y2>0.430</y2>
        </texture>	
        <transformations>
            <transformation>
                <type>y-shift</type>
                <property>instrumentation/nav/gs-needle-deflection</property>
                <interpolation>
			<entry><ind>-10</ind><dep>-35</dep></entry>
			<entry><ind>0</ind><dep>0</dep></entry>
			<entry><ind>10</ind><dep>35</dep></entry>
			</interpolation>
            </transformation>
        </transformations>
        <emissive>true</emissive>
    </layer>

</layers>

</PropertyList>
