<?xml version="1.0"?>


<PropertyList>
    <name>HDG</name>
    <w-base>134</w-base>
    <h-base>40</h-base>

    <layers>

  <layer>
   <name>hdg</name>
   <w>162</w>
   <h>162</h>
   <texture>
    <path>Aircraft/737NG600/Models/Instruments/PFD/ati.png</path>
    <x1>0.516</x1>
    <y1>0.516</y1>
    <x2>0.984</x2>
    <y2>0.984</y2>
	</texture>
   <transformations>
    <transformation>
     <type>y-shift</type>
     <offset>-61.5</offset>
    </transformation>
    <transformation>
     <type>rotation</type>
     <property>orientation/heading-magnetic-deg</property>
     <scale>-1</scale>
    </transformation>
   </transformations>
   <emissive>true</emissive>
  </layer>
</layers>

</PropertyList>
