<?xml version="1.0"?>


<PropertyList>
    <name>LOCscale</name>
    <w-base>78</w-base>
    <h-base>8</h-base>

    <layers>

    <layer>
        <name>Lscale</name>
        <w>78</w>
        <h>8</h>
        <texture>
            <path>Aircraft/737NG600/Models/Instruments/PFD/ati.png</path>
            <x1>0.509</x1>
            <y1>0.020</y1>
            <x2>0.745</x2>
            <y2>0.044</y2>
        </texture>
        <emissive>true</emissive>
    </layer>

    <layer>
        <name>locneedle</name>
        <w>14</w>
        <h>12</h>
        <texture>
            <path>Aircraft/737NG600/Models/Instruments/PFD/ati.png</path>
            <x1>0.635</x1>
            <y1>0.370</y1>
            <x2>0.705</x2>
            <y2>0.406</y2>
        </texture>	
        <transformations>
            <transformation>
                <type>x-shift</type>
                <property>instrumentation/nav/heading-needle-deflection</property>
                <scale>3.35</scale>
            </transformation>
        </transformations>
        <emissive>true</emissive>
    </layer>

</layers>

</PropertyList>
