<!--
Syd Adams
777-200 PFD 
-->

<PropertyList>

 <path>EFIS.ac</path>
   
    <panel>
        <path>Aircraft/737NG600/Models/Instruments/PFD/pfd-panel.xml</path>
        <bottom-left>
            <x-m>0.003</x-m>
            <y-m>-0.090</y-m>
            <z-m>-0.087</z-m>
        </bottom-left>
        <bottom-right>
            <x-m>0.003</x-m>
            <y-m>0.090</y-m>
            <z-m>-0.087</z-m>
        </bottom-right>
        <top-left>
            <x-m>0.003</x-m>
            <y-m>-0.090</y-m>
            <z-m>0.094</z-m>
        </top-left>
    </panel>

    <panel>
        <path>Aircraft/737NG600/Models/Instruments/PFD/text-panel.xml</path>
        <bottom-left>
            <x-m>0.004</x-m>
            <y-m>-0.090</y-m>
            <z-m>-0.087</z-m>
        </bottom-left>
        <bottom-right>
            <x-m>0.004</x-m>
            <y-m>0.090</y-m>
            <z-m>-0.087</z-m>
        </bottom-right>
        <top-left>
            <x-m>0.004</x-m>
            <y-m>-0.090</y-m>
            <z-m>0.094</z-m>
        </top-left>
    </panel>
    
</PropertyList>
