<?xml version="1.0"?>
<PropertyList>

<name>PFD text</name>
<background>Aircraft/737NG600/Models/Instruments/PFD/transparent.png</background>
<w>512</w>
<h>256</h>

<instruments>
    <instrument include="pfdtext.xml">
    <condition>
        <greater-than>
           <property>systems/electrical/outputs/efis</property>
            <value>15</value>
        </greater-than>
    </condition>
        <name>PFDtext</name>
        <x>256</x>
        <y>128</y>
        <w>512</w>
        <h>256</h>
    </instrument>
</instruments>

</PropertyList>
