<?xml version="1.0"?>


<PropertyList>
    <name>VSI</name>
    <w-base>26</w-base>
    <h-base>120</h-base>

    <layers>

    <layer>
        <name>vsi</name>
        <w>26</w>
        <h>120</h>
        <texture>
            <path>Aircraft/737NG600/Models/Instruments/PFD/ati.png</path>
            <x1>0.840</x1>
            <y1>0.003</y1>
            <x2>0.945</x2>
            <y2>0.471</y2>
        </texture>
        <emissive>true</emissive>
    </layer>

    <layer>
        <name>vsi needle</name>
        <w>20</w>
        <h>2</h>
        <texture>
            <path>Aircraft/737NG600/Models/Instruments/PFD/ati.png</path>
            <x1>0.695</x1>
            <y1>0.472</y1>
            <x2>0.744</x2>
            <y2>0.478</y2>
        </texture>
        <transformations>
            <transformation>
                <type>y-shift</type>
                <property>velocities/vertical-speed-fps</property>
                <interpolation>
                    <entry><ind>-100</ind><dep>-50</dep></entry>
                    <entry><ind>-33.33</ind><dep>-35</dep></entry>
                    <entry><ind>-16.66</ind><dep>-20</dep></entry>
                    <entry><ind>0</ind><dep>0</dep></entry>
                    <entry><ind>16.66</ind><dep>20</dep></entry>
                    <entry><ind>33.33</ind><dep>35</dep></entry>
                    <entry><ind>100</ind><dep>50</dep></entry>
                </interpolation>
            </transformation>
            <transformation>
                <type>rotation</type>
                <property>velocities/vertical-speed-fps</property>
                <scale>0.30</scale>
            </transformation>
        </transformations>
        <emissive>true</emissive>
    </layer>

</layers>

</PropertyList>
