<?xml version="1.0"?>

<PropertyList>

 <path>737-600.ac</path>
 <offsets>
   <z-m>0.55</z-m>
   <pitch-deg>-1.2</pitch-deg>
 </offsets>

   <nasal>
    <load>
  var livery_update = aircraft.livery_update.new("Aircraft/737NG600/Models/Liveries",10);
   </load>

   <unload>
  livery_update.stop();
   </unload>
 </nasal>

   <animation>
<type>material</type>
  <object-name>fuselage</object-name>
  <object-name>doorLF</object-name>
  <object-name>EexitLH</object-name>   
  <object-name>doorLR</object-name>
  <object-name>doorRR</object-name>
  <object-name>EexitRH</object-name>   
  <object-name>doorRF</object-name>
  <object-name>cargodoorF</object-name>
  <object-name>cargodoorR</object-name>
  <property-base>sim/model/livery</property-base>
  <texture-prop>texture</texture-prop>
  <texture>737-600.png</texture>  
</animation>

 
   <model>
        <name>Cockpit</name>
        <path>Aircraft/737NG600/Models/cockpit.xml</path>
        <offsets>
            <x-m>-14.793</x-m>
            <y-m>0.0</y-m>
            <z-m>0.0</z-m>
            <pitch-deg>0</pitch-deg>
        </offsets>
      </model> 
      
      <model>
        <name>LeftWing</name>
        <path>Aircraft/737NG600/Models/LWing.xml</path>
        <offsets>
            <x-m>0.0</x-m>
            <y-m>0.0</y-m>
            <z-m>0.0</z-m>
            <pitch-deg>0</pitch-deg>
        </offsets>
      </model>

       <animation>
  <type>material</type>
  <object-name>lhfairing</object-name>
  <object-name>geardoor</object-name>
  <object-name>engnose.001</object-name>
  <object-name>lreverserib_1</object-name>
   <object-name>fan</object-name>  
  <property-base>sim/model/livery</property-base>
  <texture-prop>texture</texture-prop>
  <texture>737-600.png</texture>  
</animation>

      <model>
        <name>NoseGear</name>
        <path>Aircraft/737NG600/Models/NoseGear.xml</path>
        <offsets>
            <x-m>3.53</x-m>
            <y-m>0.0</y-m>
            <z-m>0.0</z-m>
            <pitch-deg>0</pitch-deg>
        </offsets>
      </model>

       <animation>
  <type>material</type>
  <object-name>rhngdoor</object-name>
  <object-name>lhngdoor</object-name>  
  <property-base>sim/model/livery</property-base>
  <texture-prop>texture</texture-prop>
  <texture>737-600.png</texture>  
</animation>


      <model>
        <name>RightWing</name>
        <path>Aircraft/737NG600/Models/RWing.xml</path>
        <offsets>
            <x-m>0.0</x-m>
            <y-m>0.0</y-m>
            <z-m>0.0</z-m>
            <pitch-deg>0</pitch-deg>
        </offsets>
      </model>

      <animation>
  <type>material</type>
  <object-name>rhwtobfairing</object-name>
  <object-name>geardoorrh</object-name>
  <object-name>No2engfancase</object-name>
  <object-name>No2reverser_1</object-name>
   <object-name>fan2</object-name>  
  <property-base>sim/model/livery</property-base>
  <texture-prop>texture</texture-prop>
  <texture>737-600.png</texture>  
</animation>  

      <model>
        <name>VertStab</name>
        <path>Aircraft/737NG600/Models/VertStab.xml</path>
        <offsets>
            <x-m>-3.5</x-m>
            <y-m>0.0</y-m>
            <z-m>0.0</z-m>
            <pitch-deg>0</pitch-deg>
        </offsets>
      </model> 

      <animation>
  <type>material</type>
  <object-name>vstab</object-name>
  <object-name>rudder</object-name>  
  <property-base>sim/model/livery</property-base>
  <texture-prop>texture</texture-prop>
  <texture>737-600.png</texture>  
</animation>  

      <model>
        <name>HorzStab</name>
        <path>Aircraft/737NG600/Models/HorzStab.xml</path>
        <offsets>
            <x-m>-3.5</x-m>
            <y-m>0.0</y-m>
            <z-m>0.0</z-m>
            <pitch-deg>0</pitch-deg>
        </offsets>
      </model>

       <model>
         <name>Pushback</name>
             <path>Models\Airport\Pushback\Goldhofert.xml</path>
             <offsets>
             <x-m>-13.0</x-m>
             <y-m>0</y-m>
             <z-m>-4.0</z-m>
             </offsets>
     </model> 

     <!--Lights-->

     <model>
<path>Aircraft/737NG600/Models/lights/GreenLight.xml</path>
<name>Greenlight</name>     
<offsets>
<x-m> 3.62</x-m>
<y-m> 17.03</y-m>
<z-m> 1.06</z-m>       
</offsets>
</model>

<model>
<path>Aircraft/737NG600/Models/lights/RedLight.xml</path>
<name>Redlight</name>     
<offsets>
<x-m> 3.62</x-m>
<y-m>-17.03</y-m>
<z-m> 1.06</z-m>        
</offsets>
</model>

<model>
<path>Aircraft/737NG600/Models/lights/flash.xml</path>
<name>flashright</name>     
<offsets>
<x-m> 3.62</x-m>
<y-m>17.03</y-m>
<z-m> 1.06</z-m>        
</offsets>
</model>

<model>
<path>Aircraft/737NG600/Models/lights/flash.xml</path>
<name>flashleft</name>     
<offsets>
<x-m> 3.62</x-m>
<y-m>-17.03</y-m>
<z-m> 1.06</z-m>     
</offsets>
</model>

<model>
<path>Aircraft/737NG600/Models/lights/flash.xml</path>
<name>flashtail</name>     
<offsets>
<x-m> 15.62</x-m>
<y-m>0.0</y-m>
<z-m> 2.06</z-m>     
</offsets>
</model>

<model>
<path>Aircraft/737NG600/Models/lights/landinglight.xml</path>
<name>NoseGearLandinglight</name>     
<condition>
 <equals>
			             <property>gear/gear[0]/position-norm</property>
                                            <value type="bool">true</value>
 </equals>
  </condition>

<offsets>
<x-m>-12.5</x-m>
<y-m>  0.00</y-m> 
<z-m> -1.60</z-m>      
</offsets>
</model>

<model>
<path>Aircraft/737NG600/Models/lights/landinglight.xml</path>
<name>LeftWingLandinglight</name>
<condition>
 <equals>
			             <property>gear/gear[1]/position-norm</property>
                                            <value type="bool">true</value>
 </equals>
  </condition>     
<offsets>
<x-m>-4.83</x-m>
<y-m>-2.14</y-m>
<z-m>-0.51</z-m>      
</offsets>
</model>

<model>
<path>Aircraft/737NG600/Models/lights/landinglight.xml</path>
<name>RightWingLandinglight</name>
<condition>
 <equals>
			             <property>gear/gear[2]/position-norm</property>
                                            <value type="bool">true</value>
 </equals>
  </condition>     
<offsets>
<x-m>-4.83</x-m>
<y-m>2.14</y-m>
<z-m>-0.51</z-m>        
</offsets>
</model>

<model>
<path>Aircraft/737NG600/Models/lights/beacon.xml</path>
<name>Beaconlight.top</name>     
<offsets>
<x-m>0.00</x-m>
<y-m>0.00</y-m>
<z-m>2.56</z-m>      
</offsets>
</model>

<model>
<path>Aircraft/737NG600/Models/lights/beacon.xml</path>
<name>Beaconlight.bottom</name>     
<offsets>
<x-m>0.0</x-m>
<y-m> 0.00</y-m>
<z-m>-1.41</z-m>      
</offsets>
</model> 
 
</PropertyList>


