<?xml version="1.0"?>


<PropertyList>
   <path>cockpit.ac</path>

     <animation>
        <type>select</type>
        <object-name>PFD1</object-name>
        <condition>
            <property>sim/current-view/internal</property>
        </condition>
    </animation>    

      <model>
        <name>PFD1</name>
        <path>Aircraft/737NG600/Models/Instruments/PFD/PFD.xml</path>
        <offsets>
            <x-m>0.336</x-m>
            <y-m>-0.438</y-m>
            <z-m>0.916</z-m>
            <pitch-deg>0</pitch-deg>
        </offsets>
      </model>

      <animation>
        <type>select</type>
        <object-name>PFD2</object-name>
        <condition>
            <property>sim/current-view/internal</property>
        </condition>
    </animation>

     <model>
        <name>PFD2</name>
        <path>Aircraft/737NG600/Models/Instruments/PFD/PFD.xml</path>
        <offsets>
            <x-m>0.336</x-m>
            <y-m>0.438</y-m>
            <z-m>0.916</z-m>
            <pitch-deg>0</pitch-deg>
        </offsets>
      </model> 
<!--
      <animation>
        <type>select</type>
        <object-name>ND1</object-name>
        <condition>
            <property>sim/current-view/internal</property>
        </condition>
    </animation>
-->  
   <model>
        <name>ND1</name>
        <path>Aircraft/737NG600/Models/Instruments/MFD/ND.xml</path>
        <offsets>
            <x-m>0.336</x-m>
            <y-m>-0.275</y-m>
            <z-m>0.902</z-m>
            <pitch-deg>0</pitch-deg>
        </offsets>
    </model>
<!--
    <animation>
        <type>select</type>
        <object-name>ND2</object-name>
        <condition>
            <property>sim/current-view/internal</property>
        </condition>
    </animation>
 -->  
    <model>
        <name>ND2</name>
        <path>Aircraft/737NG600/Models/Instruments/MFD/ND.xml</path>
        <offsets>
            <x-m>0.336</x-m>
            <y-m>0.275</y-m>
            <z-m>0.902</z-m>
            <pitch-deg>0</pitch-deg>
        </offsets>
    </model>

    <animation>
        <type>select</type>
        <object-name>EICAS</object-name>
        <condition>
            <property>sim/current-view/internal</property>
        </condition>
    </animation> 
   
    <model>
        <name>EICAS</name>
        <path>Aircraft/737NG600/Models/Instruments/EICAS/eicas.xml</path>
        <offsets>
            <x-m>0.336</x-m>
            <y-m>-0.020</y-m>
            <z-m>0.902</z-m>
            <pitch-deg>0</pitch-deg>
        </offsets>
    </model> 

    <animation>
        <type>select</type>
        <object-name>EICAS2</object-name>
        <condition>
            <property>sim/current-view/internal</property>
        </condition>
    </animation>
    
    <model>
        <name>EICAS2</name>
        <path>Aircraft/737NG600/Models/Instruments/EICAS/eicas.xml</path>
        <offsets>
            <x-m>0.435</x-m>
            <y-m>-0.020</y-m>
            <z-m>0.733</z-m>
            <pitch-deg>299.5</pitch-deg>
        </offsets>
    </model>
   
     <model>
        <name>AUTOPILOT</name>
        <path>Aircraft/737NG600/Models/Instruments/autopilot-panel.xml</path>
        <offsets>
            <x-m>0.45</x-m>
            <y-m>-0.02</y-m>
            <z-m>1.088</z-m>
            <pitch-deg>0</pitch-deg>
        </offsets>
      </model>
       
     
     
      <model>
        <name>CDU1</name>
        <path>Aircraft/737NG600/Models/Instruments/CDU/cdu.xml</path>
        <offsets>
            <x-m>0.435</x-m>
            <y-m>-0.17</y-m>
            <z-m>0.735</z-m>
            <pitch-deg>299.5</pitch-deg>
        </offsets>
      </model>
      
      <model>
        <name>CDU2</name>
        <path>Aircraft/737NG600/Models/Instruments/CDU/cdu.xml</path>
        <offsets>
            <x-m>0.435</x-m>
            <y-m>0.13</y-m>
            <z-m>0.735</z-m>
            <pitch-deg>299.5</pitch-deg>
        </offsets>
      </model>

      <model>
        <name>cap-CLOCK</name>
        <path>Aircraft/737NG600/Models/Instruments/CLOCK/chronometer.xml</path>
        <offsets>
            <x-m>0.341</x-m>
            <y-m>-0.62</y-m>
            <z-m>0.925</z-m>
            <pitch-deg>0</pitch-deg>
        </offsets>
      </model>

      <model>
        <name>fo-CLOCK</name>
        <path>Aircraft/737NG600/Models/Instruments/CLOCK/chronometer.xml</path>
        <offsets>
            <x-m>0.341</x-m>
            <y-m>0.6</y-m>
            <z-m>0.925</z-m>
            <pitch-deg>0</pitch-deg>
        </offsets>
      </model>
     
     <model>
        <name>STANDBY-AH</name>
        <path>Aircraft/737NG600/Models/Instruments/STANDBY/att-ball.xml</path>
        <offsets>
            <x-m>0.315</x-m>
            <y-m>-0.146</y-m>
            <z-m>0.975</z-m>
            <pitch-deg>0</pitch-deg>
        </offsets>
      </model>

       <model>
        <name>STANDBY-VOR</name>
        <path>Aircraft/737NG600/Models/Instruments/STANDBY/vor.xml</path>
        <offsets>
            <x-m>0.315</x-m>
            <y-m>-0.146</y-m>
            <z-m>0.835</z-m>
            <pitch-deg>0</pitch-deg>
        </offsets>
      </model>
     
      <model>
        <name>STANDBY-ASI</name>
        <path>Aircraft/737NG600/Models/Instruments/STANDBY/standby-asi.xml</path>
        <offsets>
            <x-m>0.315</x-m>
            <y-m>-0.146</y-m>
            <z-m>0.905</z-m>
            <pitch-deg>0</pitch-deg>
        </offsets>
      </model>
       <!--
      <model>
        <name>EFB</name>
        <path>Aircraft/737NG600/Models/Instruments/EFB/EFB.xml</path>
        <offsets>
            <x-m>-6.900</x-m>
            <y-m>-0.126</y-m>
            <z-m>0.78</z-m>
            <pitch-deg>0</pitch-deg>
        </offsets>
      </model>
      -->   

 <animation>
  <type>rotate</type>
  <object-name>FlapNeedle</object-name>
   <property>/surface-positions/flap-pos-norm[0]</property>
     <interpolation>
      <entry><ind>  0.000</ind><dep> 0.0</dep></entry>
      <entry><ind>  0.125</ind><dep> -38.0</dep></entry>
      <entry><ind>  0.250</ind><dep> -82.0</dep></entry>
      <entry><ind>  0.375</ind><dep> -115.0</dep></entry>
      <entry><ind>  0.500</ind><dep> -153.0</dep></entry>
      <entry><ind>  0.625</ind><dep> -182.0</dep></entry>
      <entry><ind>  0.750</ind><dep> -212.0</dep></entry>
      <entry><ind>  0.875</ind><dep> -243.0</dep></entry>
      <entry><ind>  1.000</ind><dep> -273.0</dep></entry>
     </interpolation>   
  <center>
   <x-m>-6.94</x-m>
   <y-m>0.043</y-m>
   <z-m>1.03</z-m>
  </center>
  <axis>
   <x>1</x>
   <y>0</y>
   <z>0</z>
  </axis>
 </animation>
  <!--
  <animation>
  <type>rotate</type>   
  <object-name>engNo1start</object-name>  
   <property>/controls/flight/aileron</property> 
  <factor>100</factor>  
  <center>
   <x-m>-6.712</x-m>
   <y-m>-0.009</y-m>
   <z-m>1.279</z-m>
  </center>
  <axis>
   <x>0.4</x>
   <y>0.0</y>
   <z>-0.7</z>
  </axis>
 </animation>

 <animation>
  <type>rotate</type>   
  <object-name>engNo2start</object-name>  
   <property>/controls/flight/aileron</property> 
  <factor>100</factor>  
  <center>
   <x-m>-6.712</x-m>
   <y-m>0.099</y-m>
   <z-m>1.279</z-m>
  </center>
  <axis>
   <x>0.4</x>
   <y>0.0</y>
   <z>-0.7</z>
  </axis>
 </animation>  
  -->
 <animation>
  <type>rotate</type>   
  <object-name>cutoffNo1</object-name>  
   <property>/controls/engines/engine[0]/cutoff</property> 
   <offset-deg>-25</offset-deg>     
  <factor>25</factor>      
  <center>
    <x-m>0.68</x-m>
   <y-m>0.09</y-m>
   <z-m>0.65</z-m>
  </center>
  <axis>
   <x>-0.0</x>
   <y>1</y>
   <z>0.0</z>
  </axis>
 </animation>

  <animation>
  <type>rotate</type>   
  <object-name>cutoffNo2</object-name>  
  <property>/controls/engines/engine[1]/cutoff</property>
  <offset-deg>-25</offset-deg>     
  <factor>25</factor>      
  <center>
    <x-m>0.68</x-m>
   <y-m>0.09</y-m>
   <z-m>0.65</z-m>
  </center>
  <axis>
   <x>-0.0</x>
   <y>1</y>
   <z>0.0</z>
  </axis>
 </animation>    
   
  <animation>
  <type>rotate</type>   
  <object-name>quadone</object-name> 
  <object-name>boxone</object-name> 
  <object-name>no1thrarm</object-name>
  <object-name>no1revarm</object-name> 
   <object-name>No1-knob</object-name>
  <property>/controls/engines/engine[0]/throttle</property>
  <factor>-25</factor>
  <offset-deg>30</offset-deg>   
  <center>
   <x-m>0.68</x-m>
   <y-m>0.09</y-m>
   <z-m>0.65</z-m>
  </center>
  <axis>
   <x>-0.0</x>
   <y>1</y>
   <z>0.0</z>
  </axis>
 </animation>
 <!--
 <animation>
  <type>rotate</type>    
  <object-name>no1revarm</object-name> 
  <property>/engines/engine[0]/n1</property>
  <factor>0.5</factor>
  <offset-deg>0</offset-deg>   
  <center>
   <x-m>-6.541</x-m>
   <y-m>0.011</y-m>
   <z-m>0.610</z-m>
  </center>
  <axis>
   <x>-0.0</x>
   <y>1</y>
   <z>0.0</z>
  </axis>
 </animation>
 -->
  <animation>
  <type>rotate</type>   
  <object-name>quadtwo</object-name> 
  <object-name>boxtwo</object-name> 
  <object-name>no2thrarm</object-name>
  <object-name>no2revarm</object-name> 
   <object-name>No2-knob</object-name>
  <property>/controls/engines/engine[1]/throttle</property>
  <factor>-25</factor>
  <offset-deg>30</offset-deg>   
  <center>
   <x-m>0.68</x-m>
   <y-m>-0.09</y-m>
   <z-m>0.65</z-m>
  </center>
  <axis>
   <x>-0.0</x>
   <y>1</y>
   <z>0.0</z>
  </axis>
 </animation>

  <animation>
  <type>rotate</type>
  <object-name>flaparm</object-name>
  <object-name>handle</object-name>
   <property>/controls/flight/flaps</property>
     <interpolation>
      <entry><ind>  0.000</ind><dep> 0.0</dep></entry>
      <entry><ind>  0.125</ind><dep> 8.0</dep></entry>
      <entry><ind>  0.250</ind><dep> 16.0</dep></entry>
      <entry><ind>  0.375</ind><dep> 24.0</dep></entry>
      <entry><ind>  0.500</ind><dep> 32.0</dep></entry>
      <entry><ind>  0.625</ind><dep> 40.0</dep></entry>
      <entry><ind>  0.750</ind><dep> 48.0</dep></entry>
      <entry><ind>  0.875</ind><dep> 56.0</dep></entry>
      <entry><ind>  1.000</ind><dep> 64.0</dep></entry>
     </interpolation>   
  <center>
   <x-m>0.68</x-m>
   <y-m>-0.09</y-m>
   <z-m>0.65</z-m>
  </center>
  <axis>
   <x>0</x>
   <y>1</y>
   <z>0</z>
  </axis>
 </animation>

  <animation>
  <type>rotate</type>   
  <object-name>sbhandle</object-name> 
  <object-name>sbarm</object-name>   
   <property>/controls/flight/speedbrake-lever</property> 
  <interpolation>
      <entry><ind>  0.0</ind><dep> -5.0</dep></entry>
      <entry><ind>  1.0</ind><dep>5.0</dep></entry>
      <entry><ind>  2.0</ind><dep>35</dep></entry>
      <entry><ind>  3.0</ind><dep>50.0</dep></entry>       
     </interpolation>  
  <center>
   <x-m>0.68</x-m>
   <y-m>-0.011</y-m>
   <z-m>0.65</z-m>
  </center>
  <axis>
   <x>-0.0</x>
   <y>1</y>
   <z>0.0</z>
  </axis>
 </animation>

 <animation>
  <type>rotate</type>   
  <object-name>autobrake</object-name>  
   <property>/controls/gear/autobrakes</property> 
  <factor>-45</factor>  
  <center>
   <x-m>-6.943</x-m>
   <y-m>-0.003</y-m>
   <z-m>1.026</z-m>
  </center>
  <axis>
   <x>1.0</x>
   <y>0.0</y>
   <z>0.0</z>
  </axis>
 </animation>

 <animation>
  <type>rotate</type>   
  <object-name>lghandle</object-name>  
   <property>/gear/gear[1]/position-norm</property> 
    <interpolation>
      <entry><ind>  1.0</ind><dep> 0.0</dep></entry>
      <entry><ind>  0.999</ind><dep>-45</dep></entry>
      <entry><ind>  0.001</ind><dep>-45</dep></entry>
      <entry><ind>  0.0</ind><dep>-24.0</dep></entry>       
     </interpolation>   
  <center>
   <x-m>0.28</x-m>
   <y-m>0.0</y-m>
   <z-m>0.95</z-m>
  </center>
  <axis>
   <x>0.0</x>
   <y>1.0</y>
   <z>0.0</z>
  </axis>
 </animation>

  <animation>
  <type>rotate</type>   
  <object-name>parkbrake</object-name>  
   <property>/controls/gear/brake-parking</property> 
    <factor>45</factor>    
  <center>
   <x-m>0.81</x-m>
   <y-m>0.0</y-m>
   <z-m>0.66</z-m>
  </center>
  <axis>
   <x>0.0</x>
   <y>1.0</y>
   <z>0.0</z>
  </axis>
 </animation>
 <!--
 
 
 <animation>
  <type>rotate</type>    
  <object-name>no2revarm</object-name> 
  <property>/engines/engine[0]/n1</property>
  <factor>0.5</factor>
  <offset-deg>0</offset-deg>   
  <center>
   <x-m>-6.541</x-m>
   <y-m>-0.011</y-m>
   <z-m>0.610</z-m>
  </center>
  <axis>
   <x>-0.0</x>
   <y>1</y>
   <z>0.0</z>
  </axis>
 </animation>
  
   
  <animation>
  <type>translate</type>    
  <object-name>sby1</object-name>
  <property>controls/flight/aileron</property>
  <factor>0.5</factor>
  <offset-deg>0</offset-deg>   
  <center>
   <x-m>-6.541</x-m>
   <y-m>-0.011</y-m>
   <z-m>0.610</z-m>
  </center>
  <axis>
   <x>-0.0</x>
   <y>1</y>
   <z>0.0</z>
  </axis>
 </animation>
  -->

     <!--centre console--> 

     <animation>
       <type>textranslate</type>
   	 <object-name>sby1</object-name>
	<property>/instrumentation/nav/frequencies/standby-mhz</property> 
        <factor>10.0</factor>
        <step>0.01</step>        
   	<axis>
    	<x>0</x>
     	<y>1</y>
    	 <z>0</z>
   	</axis>
 	</animation>    
 
     <animation>
       <type>textranslate</type>
   	 <object-name>sby2</object-name>
	<property>/instrumentation/nav/frequencies/standby-mhz</property> 
        <factor>1.0</factor>
        <step>0.1</step>        
   	<axis>
    	<x>0</x>
     	<y>1</y>
    	 <z>0</z>
   	</axis>
 	</animation>  

      <animation>
       <type>textranslate</type>
   	 <object-name>sby3</object-name>
	<property>/instrumentation/nav/frequencies/standby-mhz</property> 
        <factor>0.1</factor>
        <step>1</step>        
   	<axis>
    	<x>0</x>
     	<y>1</y>
    	 <z>0</z>
   	</axis>
 	</animation>   

      <animation>
       <type>textranslate</type>
   	 <object-name>sby4</object-name>
	<property>/instrumentation/nav/frequencies/standby-mhz</property> 
        <factor>0.01</factor>
        <step>10</step>        
   	<axis>
    	<x>0</x>
     	<y>1</y>
    	 <z>0</z>
   	</axis>
 	</animation>    

       <animation>
       <type>textranslate</type>
   	 <object-name>navB</object-name>
	<property>/instrumentation/nav/frequencies/selected-mhz</property> 
        <factor>1.0</factor>
        <step>0.1</step>        
   	<axis>
    	<x>0</x>
     	<y>1</y>
    	 <z>0</z>
   	</axis>
 	</animation>  

      <animation>
       <type>textranslate</type>
   	 <object-name>navC</object-name>
	<property>/instrumentation/nav/frequencies/selected-mhz</property> 
        <factor>0.1</factor>
        <step>1</step>        
   	<axis>
    	<x>0</x>
     	<y>1</y>
    	 <z>0</z>
   	</axis>
 	</animation>   

      <animation>
       <type>textranslate</type>
   	 <object-name>navD</object-name>
	<property>/instrumentation/nav/frequencies/selected-mhz</property> 
        <factor>0.01</factor>
        <step>10</step>        
   	<axis>
    	<x>0</x>
     	<y>1</y>
    	 <z>0</z>
   	</axis>
 	</animation>  

         <animation>
       <type>textranslate</type>
   	 <object-name>sby1A</object-name>
	<property>/instrumentation/nav[1]/frequencies/standby-mhz</property> 
        <factor>10.0</factor>
        <step>0.01</step>        
   	<axis>
    	<x>0</x>
     	<y>1</y>
    	 <z>0</z>
   	</axis>
 	</animation>    
 
     <animation>
       <type>textranslate</type>
   	 <object-name>sby1B</object-name>
	<property>/instrumentation/nav[1]/frequencies/standby-mhz</property> 
        <factor>1.0</factor>
        <step>0.1</step>        
   	<axis>
    	<x>0</x>
     	<y>1</y>
    	 <z>0</z>
   	</axis>
 	</animation>  

      <animation>
       <type>textranslate</type>
   	 <object-name>sby1C</object-name>
	<property>/instrumentation/nav[1]/frequencies/standby-mhz</property> 
        <factor>0.1</factor>
        <step>1</step>        
   	<axis>
    	<x>0</x>
     	<y>1</y>
    	 <z>0</z>
   	</axis>
 	</animation>   

      <animation>
       <type>textranslate</type>
   	 <object-name>sby1D</object-name>
	<property>/instrumentation/nav[1]/frequencies/standby-mhz</property> 
        <factor>0.01</factor>
        <step>10</step>        
   	<axis>
    	<x>0</x>
     	<y>1</y>
    	 <z>0</z>
   	</axis>
 	</animation>    

       <animation>
       <type>textranslate</type>
   	 <object-name>nav1B</object-name>
	<property>/instrumentation/nav[1]/frequencies/selected-mhz</property> 
        <factor>1.0</factor>
        <step>0.1</step>        
   	<axis>
    	<x>0</x>
     	<y>1</y>
    	 <z>0</z>
   	</axis>
 	</animation>  

      <animation>
       <type>textranslate</type>
   	 <object-name>nav1C</object-name>
	<property>/instrumentation/nav[1]/frequencies/selected-mhz</property> 
        <factor>0.1</factor>
        <step>1</step>        
   	<axis>
    	<x>0</x>
     	<y>1</y>
    	 <z>0</z>
   	</axis>
 	</animation>   

      <animation>
       <type>textranslate</type>
   	 <object-name>nav1D</object-name>
	<property>/instrumentation/nav[1]/frequencies/selected-mhz</property> 
        <factor>0.01</factor>
        <step>10</step>        
   	<axis>
    	<x>0</x>
     	<y>1</y>
    	 <z>0</z>
   	</axis>
 	</animation>

        <animation>
       <type>textranslate</type>
   	 <object-name>commA1</object-name>
	<property>/instrumentation/comm[0]/frequencies/selected-mhz</property> 
        <factor>10.0</factor>
        <step>0.01</step>        
   	<axis>
    	<x>0</x>
     	<y>1</y>
    	 <z>0</z>
   	</axis>
 	</animation>    
 
     <animation>
       <type>textranslate</type>
   	 <object-name>commA2</object-name>
	<property>/instrumentation/comm[0]/frequencies/selected-mhz</property> 
        <factor>1.0</factor>
        <step>0.1</step>        
   	<axis>
    	<x>0</x>
     	<y>1</y>
    	 <z>0</z>
   	</axis>
 	</animation>  

      <animation>
       <type>textranslate</type>
   	 <object-name>commA3</object-name>
	<property>/instrumentation/comm[0]/frequencies/selected-mhz</property> 
        <factor>0.1</factor>
        <step>1</step>        
   	<axis>
    	<x>0</x>
     	<y>1</y>
    	 <z>0</z>
   	</axis>
 	</animation>   

      <animation>
       <type>textranslate</type>
   	 <object-name>commA4</object-name>
	<property>/instrumentation/comm[0]/frequencies/selected-mhz</property> 
        <factor>0.01</factor>
        <step>10</step>        
   	<axis>
    	<x>0</x>
     	<y>1</y>
    	 <z>0</z>
   	</axis>
 	</animation>   

       <animation>
       <type>textranslate</type>
   	 <object-name>commB1</object-name>
	<property>/instrumentation/comm[0]/frequencies/standby-mhz</property> 
        <factor>10.0</factor>
        <step>0.01</step>        
   	<axis>
    	<x>0</x>
     	<y>1</y>
    	 <z>0</z>
   	</axis>
 	</animation>    
 
     <animation>
       <type>textranslate</type>
   	 <object-name>commB2</object-name>
	<property>/instrumentation/comm[0]/frequencies/standby-mhz</property> 
        <factor>1.0</factor>
        <step>0.1</step>        
   	<axis>
    	<x>0</x>
     	<y>1</y>
    	 <z>0</z>
   	</axis>
 	</animation>  

      <animation>
       <type>textranslate</type>
   	 <object-name>commB3</object-name>
	<property>/instrumentation/comm[0]/frequencies/standby-mhz</property> 
        <factor>0.1</factor>
        <step>1</step>        
   	<axis>
    	<x>0</x>
     	<y>1</y>
    	 <z>0</z>
   	</axis>
 	</animation>   

      <animation>
       <type>textranslate</type>
   	 <object-name>commB4</object-name>
	<property>/instrumentation/comm[0]/frequencies/standby-mhz</property> 
        <factor>0.01</factor>
        <step>10</step>        
   	<axis>
    	<x>0</x>
     	<y>1</y>
    	 <z>0</z>
   	</axis>
 	</animation>

        <animation>
       <type>textranslate</type>
   	 <object-name>comm1A1</object-name>
	<property>/instrumentation/comm[1]/frequencies/selected-mhz</property> 
        <factor>10.0</factor>
        <step>0.01</step>        
   	<axis>
    	<x>0</x>
     	<y>1</y>
    	 <z>0</z>
   	</axis>
 	</animation>    
 
     <animation>
       <type>textranslate</type>
   	 <object-name>comm1A2</object-name>
	<property>/instrumentation/comm[1]/frequencies/selected-mhz</property> 
        <factor>1.0</factor>
        <step>0.1</step>        
   	<axis>
    	<x>0</x>
     	<y>1</y>
    	 <z>0</z>
   	</axis>
 	</animation>  

      <animation>
       <type>textranslate</type>
   	 <object-name>comm1A3</object-name>
	<property>/instrumentation/comm[1]/frequencies/selected-mhz</property> 
        <factor>0.1</factor>
        <step>1</step>        
   	<axis>
    	<x>0</x>
     	<y>1</y>
    	 <z>0</z>
   	</axis>
 	</animation>   

      <animation>
       <type>textranslate</type>
   	 <object-name>comm1A4</object-name>
	<property>/instrumentation/comm[1]/frequencies/selected-mhz</property> 
        <factor>0.01</factor>
        <step>10</step>        
   	<axis>
    	<x>0</x>
     	<y>1</y>
    	 <z>0</z>
   	</axis>
 	</animation>     

      <animation>
       <type>textranslate</type>
   	 <object-name>comm1B1</object-name>
	<property>/instrumentation/comm[1]/frequencies/standby-mhz</property> 
        <factor>10.0</factor>
        <step>0.01</step>        
   	<axis>
    	<x>0</x>
     	<y>1</y>
    	 <z>0</z>
   	</axis>
 	</animation>    
 
     <animation>
       <type>textranslate</type>
   	 <object-name>comm1B2</object-name>
	<property>/instrumentation/comm[1]/frequencies/standby-mhz</property> 
        <factor>1.0</factor>
        <step>0.1</step>        
   	<axis>
    	<x>0</x>
     	<y>1</y>
    	 <z>0</z>
   	</axis>
 	</animation>  

      <animation>
       <type>textranslate</type>
   	 <object-name>comm1B3</object-name>
	<property>/instrumentation/comm[1]/frequencies/standby-mhz</property> 
        <factor>0.1</factor>
        <step>1</step>        
   	<axis>
    	<x>0</x>
     	<y>1</y>
    	 <z>0</z>
   	</axis>
 	</animation>   

      <animation>
       <type>textranslate</type>
   	 <object-name>comm1B4</object-name>
	<property>/instrumentation/comm[1]/frequencies/standby-mhz</property> 
        <factor>0.01</factor>
        <step>10</step>        
   	<axis>
    	<x>0</x>
     	<y>1</y>
    	 <z>0</z>
   	</axis>
 	</animation>     
 
      
     <animation>
        <type>pick</type>
        <object-name>handle</object-name>         
        <visible>1</visible>
        <action>
         <button>0</button>
            <repeatable>true</repeatable>
        <interval-sec>1.0</interval-sec>           
       <binding>
   <command>nasal</command>
   <script>controls.flapsDown(1)</script>
  </binding>
  <mod-up>
   <binding>
    <command>nasal</command>
    <script>controls.flapsDown(0)</script>
   </binding>
  </mod-up>
      </action> 
    </animation> 

    <animation>
        <type>pick</type>
        <object-name>handle</object-name>         
        <visible>1</visible>
        <action>
         <button>1</button>
            <repeatable>true</repeatable>
        <interval-sec>1.0</interval-sec>           
       <binding>
   <command>nasal</command>
   <script>controls.flapsDown(-1)</script>
  </binding>
  <mod-up>
   <binding>
    <command>nasal</command>
    <script>controls.flapsDown(0)</script>
   </binding>
  </mod-up> 
      </action> 
    </animation> 

   <animation>
        <type>pick</type>
        <object-name>sbhandle</object-name>
        <object-name>sbhandle</object-name>
        <visible>1</visible>
        <action>
         <button>0</button>
            <repeatable>true</repeatable>           
       <binding>   
       <command>property-adjust</command>
       <property>/controls/flight/speedbrake-lever</property>             
       <step>1</step>
       <min>0</min>
       <max>3</max>                
       <wrap>false</wrap>       
       </binding>
       <binding>
         <condition>             
                <equals>
                   <property>/controls/flight/speedbrake-lever</property>
                    <value type="int">1</value>
                </equals>                
         </condition> 
         <command>property-assign</command>
          <property>/controls/flight/autospeedbrakes-armed</property>
          <value type="bool">true</value>
          </binding> 
          <binding>
         <condition>             
                <equals>
                   <property>/controls/flight/speedbrake-lever</property>
                    <value type="int">2</value>
                </equals>                
         </condition> 
         <command>property-assign</command>
          <property>/controls/flight/autospeedbrakes-armed</property>
          <value type="bool">false</value>
          </binding>
          <binding>
         <condition>             
                <equals>
                   <property>/controls/flight/speedbrake-lever</property>
                    <value type="int">2</value>
                </equals>                
         </condition> 
         <command>property-assign</command>
          <property>/controls/flight/speedbrake</property>
          <value type="double">1</value>
          </binding>     
      </action> 
    </animation>
    
    <animation>
        <type>pick</type>
        <object-name>sbhandle</object-name>
        <object-name>sbhandle</object-name>
        <visible>1</visible>
        <action>
         <button>1</button>
            <repeatable>true</repeatable>           
       <binding>   
       <command>property-adjust</command>
        <property>/controls/flight/speedbrake-lever</property>             
       <step>-1</step>
       <min>0</min>
       <max>3</max>                
       <wrap>false</wrap>       
       </binding> 
       <binding>
         <condition>             
                <equals>
                   <property>/controls/flight/speedbrake-lever</property>
                    <value type="int">1</value>
                </equals>                
         </condition> 
         <command>property-assign</command>
          <property>/controls/flight/autospeedbrakes-armed</property>
          <value type="bool">true</value>
          </binding> 
          <binding>
         <condition>             
                <equals>
                   <property>/controls/flight/speedbrake-lever</property>
                    <value type="int">0</value>
                </equals>                
         </condition> 
         <command>property-assign</command>
          <property>/controls/flight/autospeedbrakes-armed</property>
          <value type="bool">false</value>
          </binding>
           <binding>
         <condition>             
                <less-than>
                   <property>/controls/flight/speedbrake-lever</property>
                    <value type="int">2</value>
                </less-than>                
         </condition> 
         <command>property-assign</command>
          <property>/controls/flight/speedbrake</property>
          <value type="double">0</value>
          </binding>                  
      </action> 
    </animation>  
    
     <animation>
        <type>pick</type>
        <object-name>autobrake</object-name>         
        <visible>1</visible>
        <action>
         <button>0</button>
            <repeatable>true</repeatable>
        <interval-sec>1.0</interval-sec>           
       <binding>   
       <command>property-adjust</command>
       <property>/controls/gear/autobrakes</property>        
       <step>1</step>
       <min>-1</min>
       <max>4</max>                
       <wrap>false</wrap>       
       </binding>
      </action> 
    </animation> 

    <animation>
        <type>pick</type>
        <object-name>autobrake</object-name>         
        <visible>1</visible>
        <action>
         <button>1</button>
            <repeatable>true</repeatable>
        <interval-sec>1.0</interval-sec>           
       <binding>   
       <command>property-adjust</command>
       <property>/controls/gear/autobrakes</property>        
       <step>-1</step>
       <min>-1</min>
       <max>4</max>                
       <wrap>false</wrap>       
       </binding>
      </action> 
    </animation> 

    <animation>
        <type>pick</type>
        <object-name>cutoffNo1</object-name>         
        <visible>1</visible>
        <action>
         <button>0</button>
            <repeatable>true</repeatable>           
       <binding>   
       <command>property-assign</command>
       <property>/controls/engines/engine[0]/cutoff</property>        
       <value type="bool">false</value>      
       <step>1</step>
       <min>0</min>
       <max>3</max>                
       <wrap>false</wrap>       
       </binding>
       <binding>   
       <command>property-assign</command>
       <property>/controls/electric/engine[0]/generator</property>       
       <value type="bool">true</value>      
       <step>-1</step>
       <min>0</min>
       <max>3</max>                
       <wrap>false</wrap>       
       </binding>
      </action> 
    </animation>

    <animation>
        <type>pick</type>
        <object-name>cutoffNo1</object-name>         
        <visible>1</visible>
        <action>
         <button>1</button>
            <repeatable>true</repeatable>           
       <binding>   
       <command>property-assign</command>
       <property>/controls/engines/engine[0]/cutoff</property>       
       <value type="bool">true</value>      
       <step>-1</step>
       <min>0</min>
       <max>3</max>                
       <wrap>false</wrap>       
       </binding>
       <binding>   
       <command>property-assign</command>
       <property>/controls/electric/engine[0]/generator</property>       
       <value type="bool">false</value>      
       <step>-1</step>
       <min>0</min>
       <max>3</max>                
       <wrap>false</wrap>       
       </binding>
      </action> 
    </animation> 

      <animation>
        <type>pick</type>
        <object-name>cutoffNo2</object-name>         
        <visible>1</visible>
        <action>
         <button>0</button>
            <repeatable>true</repeatable>           
       <binding>   
       <command>property-assign</command>
       <property>/controls/engines/engine[1]/cutoff</property>        
       <value type="bool">false</value>      
       <step>1</step>
       <min>0</min>
       <max>3</max>                
       <wrap>false</wrap>       
       </binding>
       <binding>   
       <command>property-assign</command>
       <property>/controls/electric/engine[1]/generator</property>       
       <value type="bool">true</value>      
       <step>-1</step>
       <min>0</min>
       <max>3</max>                
       <wrap>false</wrap>       
       </binding>
      </action> 
    </animation>

    <animation>
        <type>pick</type>
        <object-name>cutoffNo2</object-name>         
        <visible>1</visible>
        <action>
         <button>1</button>
            <repeatable>true</repeatable>           
       <binding>   
       <command>property-assign</command>
       <property>/controls/engines/engine[1]/cutoff</property>       
       <value type="bool">true</value>      
       <step>-1</step>
       <min>0</min>
       <max>3</max>                
       <wrap>false</wrap>       
       </binding>
       <binding>   
       <command>property-assign</command>
       <property>/controls/electric/engine[1]/generator</property>       
       <value type="bool">false</value>      
       <step>-1</step>
       <min>0</min>
       <max>3</max>                
       <wrap>false</wrap>       
       </binding>
      </action> 
    </animation> 

     <animation>
        <type>pick</type>
        <object-name>engNo1start</object-name>         
        <visible>1</visible>
        <action>
         <button>0</button>
            <repeatable>true</repeatable>           
       <binding>   
       <command>property-assign</command>
       <property>/controls/engines/engine[0]/starter</property>       
       <value type="bool">true</value>      
       <step>-1</step>
       <min>0</min>
       <max>3</max>                
       <wrap>false</wrap>       
       </binding>
      </action> 
    </animation> 

    <animation>
        <type>pick</type>
        <object-name>engNo2start</object-name>         
        <visible>1</visible>
        <action>
         <button>0</button>
            <repeatable>true</repeatable>           
       <binding>   
       <command>property-assign</command>
       <property>/controls/engines/engine[1]/starter</property>       
       <value type="bool">true</value>      
       <step>-1</step>
       <min>0</min>
       <max>3</max>                
       <wrap>false</wrap>       
       </binding>
      </action> 
    </animation> 

     <!--Radio Section--> 

      <animation>
        <type>pick</type>
        <object-name>VOR1</object-name>
        <action>
            <button>0</button>
            <repeatable>true</repeatable>
            <binding>
            <command>property-adjust</command>
            <property>/instrumentation/nav/frequencies/standby-mhz</property>
                <step>0.05</step>
    		<min>108</min>
   		<max>117.95</max>
    		<resolution>0.01</resolution>
    		<wrap>true</wrap>   
         </binding>    
        </action>
    </animation> 

     <animation>
        <type>pick</type>
        <object-name>VOR1</object-name>
        <action>
            <button>1</button>
            <repeatable>true</repeatable>
            <binding>
            <command>property-adjust</command>
            <property>/instrumentation/nav/frequencies/standby-mhz</property>
                <step>-0.05</step>
    		<min>108</min>
   		<max>117.95</max>
    		<resolution>0.01</resolution>
    		<wrap>true</wrap>   
         </binding>    
        </action>
    </animation>

     <animation>
        <type>pick</type>
        <object-name>VOR1A</object-name>
        <action>
            <button>0</button>
            <repeatable>true</repeatable>
            <binding>
            <command>property-adjust</command>
            <property>/instrumentation/nav/frequencies/standby-mhz</property>
                <step>1</step>
    		<min>108</min>
   		<max>117.95</max>
    		<resolution>0.01</resolution>
    		<wrap>true</wrap>   
         </binding>    
        </action>
    </animation> 

     <animation>
        <type>pick</type>
        <object-name>VOR1A</object-name>
        <action>
            <button>1</button>
            <repeatable>true</repeatable>
            <binding>
            <command>property-adjust</command>
            <property>/instrumentation/nav/frequencies/standby-mhz</property>
                <step>-1</step>
    		<min>108</min>
   		<max>117.95</max>
    		<resolution>0.01</resolution>
    		<wrap>true</wrap>   
         </binding>    
        </action>
    </animation>

     <animation>
        <type>pick</type>
        <object-name>TFRA</object-name>
        <action>
            <button>0</button>
            <repeatable>true</repeatable>
            <binding>
    <command>property-swap</command>
    <property>/instrumentation/nav/frequencies/selected-mhz</property>
    <property>/instrumentation/nav/frequencies/standby-mhz</property>
   </binding>   
        </action>
    </animation>

     <animation>
        <type>pick</type>
        <object-name>VOR2</object-name>
        <action>
            <button>0</button>
            <repeatable>true</repeatable>
            <binding>
            <command>property-adjust</command>
            <property>/instrumentation/nav[1]/frequencies/standby-mhz</property>
                <step>0.05</step>
    		<min>108</min>
   		<max>117.95</max>
    		<resolution>0.01</resolution>
    		<wrap>true</wrap>   
         </binding>    
        </action>
    </animation> 

     <animation>
        <type>pick</type>
        <object-name>VOR2</object-name>
        <action>
            <button>1</button>
            <repeatable>true</repeatable>
            <binding>
            <command>property-adjust</command>
            <property>/instrumentation/nav[1]/frequencies/standby-mhz</property>
                <step>-0.05</step>
    		<min>108</min>
   		<max>117.95</max>
    		<resolution>0.01</resolution>
    		<wrap>true</wrap>   
         </binding>    
        </action>
    </animation>

     <animation>
        <type>pick</type>
        <object-name>VOR2A</object-name>
        <action>
            <button>0</button>
            <repeatable>true</repeatable>
            <binding>
            <command>property-adjust</command>
            <property>/instrumentation/nav[1]/frequencies/standby-mhz</property>
                <step>1</step>
    		<min>108</min>
   		<max>117.95</max>
    		<resolution>0.01</resolution>
    		<wrap>true</wrap>   
         </binding>    
        </action>
    </animation> 

     <animation>
        <type>pick</type>
        <object-name>VOR2A</object-name>
        <action>
            <button>1</button>
            <repeatable>true</repeatable>
            <binding>
            <command>property-adjust</command>
            <property>/instrumentation/nav[1]/frequencies/standby-mhz</property>
                <step>-1</step>
    		<min>108</min>
   		<max>117.95</max>
    		<resolution>0.01</resolution>
    		<wrap>true</wrap>   
         </binding>    
        </action>
    </animation>

     <animation>
        <type>pick</type>
        <object-name>TFRB</object-name>
        <action>
            <button>0</button>
            <repeatable>true</repeatable>
            <binding>
    <command>property-swap</command>
    <property>/instrumentation/nav[1]/frequencies/selected-mhz</property>
    <property>/instrumentation/nav[1]/frequencies/standby-mhz</property>
   </binding>   
        </action>
    </animation>

     <animation>
        <type>pick</type>
        <object-name>comm</object-name>
        <action>
            <button>0</button>
            <repeatable>true</repeatable>
            <binding>
            <command>property-adjust</command>
            <property>/instrumentation/comm[0]/frequencies/selected-mhz</property>
               <step>0.05</step>
   		 <min>118.000</min>
    		<max>136.000</max>
    		<resolution>0.01</resolution>
    		<wrap>true</wrap>   
         </binding>    
        </action>
    </animation> 

     <animation>
        <type>pick</type>
        <object-name>comm</object-name>
        <action>
            <button>1</button>
            <repeatable>true</repeatable>
            <binding>
            <command>property-adjust</command>
            <property>/instrumentation/comm[0]/frequencies/selected-mhz</property>
               <step>-0.05</step>
    		<min>118.000</min>
   		 <max>136.000</max>
    		<resolution>0.01</resolution>
    		<wrap>true</wrap>   
         </binding>    
        </action>
    </animation>

     <animation>
        <type>pick</type>
        <object-name>commA</object-name>
        <action>
            <button>0</button>
            <repeatable>true</repeatable>
            <binding>
            <command>property-adjust</command>
            <property>/instrumentation/comm[0]/frequencies/selected-mhz</property>
                <step>1</step>
    		<min>118.000</min>
   		 <max>136.000</max>
    		<resolution>0.01</resolution>
    		<wrap>true</wrap>   
         </binding>    
        </action>
    </animation> 

     <animation>
        <type>pick</type>
        <object-name>commA</object-name>
        <action>
            <button>1</button>
            <repeatable>true</repeatable>
            <binding>
            <command>property-adjust</command>
            <property>/instrumentation/comm[0]/frequencies/selected-mhz</property>
                <step>-1</step>
    		<min>118.000</min>
   		 <max>136.000</max>
    		<resolution>0.01</resolution>
    		<wrap>true</wrap>   
         </binding>    
        </action>
    </animation>

    <animation>
        <type>pick</type>
        <object-name>commsby</object-name>
        <action>
            <button>0</button>
            <repeatable>true</repeatable>
            <binding>
            <command>property-adjust</command>
            <property>/instrumentation/comm[0]/frequencies/standby-mhz</property>
               <step>0.05</step>
   		 <min>118.000</min>
    		<max>136.000</max>
    		<resolution>0.01</resolution>
    		<wrap>true</wrap>   
         </binding>    
        </action>
    </animation> 

     <animation>
        <type>pick</type>
        <object-name>commsby</object-name>
        <action>
            <button>1</button>
            <repeatable>true</repeatable>
            <binding>
            <command>property-adjust</command>
            <property>/instrumentation/comm[0]/frequencies/standby-mhz</property>
               <step>-0.05</step>
    		<min>118.000</min>
   		 <max>136.000</max>
    		<resolution>0.01</resolution>
    		<wrap>true</wrap>   
         </binding>    
        </action>
    </animation>

     <animation>
        <type>pick</type>
        <object-name>commsbyA</object-name>
        <action>
            <button>0</button>
            <repeatable>true</repeatable>
            <binding>
            <command>property-adjust</command>
            <property>/instrumentation/comm[0]/frequencies/standby-mhz</property>
                <step>1</step>
    		<min>118.000</min>
   		 <max>136.000</max>
    		<resolution>0.01</resolution>
    		<wrap>true</wrap>   
         </binding>    
        </action>
    </animation> 

     <animation>
        <type>pick</type>
        <object-name>comm1</object-name>
        <action>
            <button>0</button>
            <repeatable>true</repeatable>
            <binding>
            <command>property-adjust</command>
            <property>/instrumentation/comm[1]/frequencies/selected-mhz</property>
               <step>0.05</step>
   		 <min>118.000</min>
    		<max>136.000</max>
    		<resolution>0.01</resolution>
    		<wrap>true</wrap>   
         </binding>    
        </action>
    </animation> 

     <animation>
        <type>pick</type>
        <object-name>comm1</object-name>
        <action>
            <button>1</button>
            <repeatable>true</repeatable>
            <binding>
            <command>property-adjust</command>
            <property>/instrumentation/comm[1]/frequencies/selected-mhz</property>
               <step>-0.05</step>
    		<min>118.000</min>
   		 <max>136.000</max>
    		<resolution>0.01</resolution>
    		<wrap>true</wrap>   
         </binding>    
        </action>
    </animation>

     <animation>
        <type>pick</type>
        <object-name>comm1A</object-name>
        <action>
            <button>0</button>
            <repeatable>true</repeatable>
            <binding>
            <command>property-adjust</command>
            <property>/instrumentation/comm[1]/frequencies/selected-mhz</property>
                <step>1</step>
    		<min>118.000</min>
   		 <max>136.000</max>
    		<resolution>0.01</resolution>
    		<wrap>true</wrap>   
         </binding>    
        </action>
    </animation> 


     <animation>
        <type>pick</type>
        <object-name>comm1A</object-name>
        <action>
            <button>1</button>
            <repeatable>true</repeatable>
            <binding>
            <command>property-adjust</command>
            <property>/instrumentation/comm[1]/frequencies/selected-mhz</property>
                <step>-1</step>
    		<min>118.000</min>
   		 <max>136.000</max>
    		<resolution>0.01</resolution>
    		<wrap>true</wrap>   
         </binding>    
        </action>
    </animation>

    <animation>
        <type>pick</type>
        <object-name>commsby1</object-name>
        <action>
            <button>0</button>
            <repeatable>true</repeatable>
            <binding>
            <command>property-adjust</command>
            <property>/instrumentation/comm[1]/frequencies/standby-mhz</property>
               <step>0.05</step>
   		 <min>118.000</min>
    		<max>136.000</max>
    		<resolution>0.01</resolution>
    		<wrap>true</wrap>   
         </binding>    
        </action>
    </animation> 

     <animation>
        <type>pick</type>
        <object-name>commsby1</object-name>
        <action>
            <button>1</button>
            <repeatable>true</repeatable>
            <binding>
            <command>property-adjust</command>
            <property>/instrumentation/comm[1]/frequencies/standby-mhz</property>
               <step>-0.05</step>
    		<min>118.000</min>
   		 <max>136.000</max>
    		<resolution>0.01</resolution>
    		<wrap>true</wrap>   
         </binding>    
        </action>
    </animation>

     <animation>
        <type>pick</type>
        <object-name>commsby1A</object-name>
        <action>
            <button>0</button>
            <repeatable>true</repeatable>
            <binding>
            <command>property-adjust</command>
            <property>/instrumentation/comm[1]/frequencies/standby-mhz</property>
                <step>1</step>
    		<min>118.000</min>
   		 <max>136.000</max>
    		<resolution>0.01</resolution>
    		<wrap>true</wrap>   
         </binding>    
        </action>
    </animation> 


     <animation>
        <type>pick</type>
        <object-name>commsby1A</object-name>
        <action>
            <button>1</button>
            <repeatable>true</repeatable>
            <binding>
            <command>property-adjust</command>
            <property>/instrumentation/comm[1]/frequencies/standby-mhz</property>
                <step>-1</step>
    		<min>118.000</min>
   		 <max>136.000</max>
    		<resolution>0.01</resolution>
    		<wrap>true</wrap>   
         </binding>    
        </action>
    </animation>


    <animation>
        <type>pick</type>
        <object-name>ADF1</object-name>
        <action>
            <button>0</button>
            <repeatable>true</repeatable>
           <binding>
    		<command>property-adjust</command>
   		 <property>/instrumentation/adf/frequencies/selected-khz</property>      
    		 <step>1</step>
   		 <min>100.000</min>
    		 <max>500.000</max>
    		 <resolution>0.01</resolution>
    		 <wrap>true</wrap>
   	</binding>
       </action>
    </animation>

    <animation>
        <type>pick</type>
        <object-name>ADF1</object-name>
        <action>
            <button>1</button>
            <repeatable>true</repeatable>
           <binding>
    		<command>property-adjust</command>
   		 <property>/instrumentation/adf/frequencies/selected-khz</property>      
    		 <step>-1</step>
   		 <min>100.000</min>
    		 <max>500.000</max>
    		 <resolution>0.025</resolution>
    		 <wrap>true</wrap>
   	</binding>
       </action>
    </animation>

    <animation>
        <type>pick</type>
        <object-name>lghandle</object-name>
        <action>
            <button>0</button>
            <repeatable>true</repeatable>
           <binding>
    		<command>property-assign</command>
   		 <property>/controls/gear/gear-down</property>  
                  <value type="bool">false</value>      
    		 <step>1</step>
   		 <min>0</min>
    		 <max>1</max>    		  
    		 <wrap>false</wrap>
   	</binding>
       </action>
    </animation>

    <animation>
        <type>pick</type>
        <object-name>lghandle</object-name>
        <action>
            <button>1</button>
            <repeatable>true</repeatable>
           <binding>
    		<command>property-assign</command>
   		 <property>/controls/gear/gear-down</property> 
                 <value type="bool">true</value>       
    		 <step>-1</step>
   		 <min>0</min>
    		 <max>1</max>    		  
    		 <wrap>false</wrap>
   	</binding>
       </action>
    </animation>

    <animation>
        <type>pick</type>
        <object-name>parkbrake</object-name>
        <action>
            <button>0</button>
            <repeatable>true</repeatable>
           <binding>
    		<command>property-toggle</command>
   		 <property>/controls/gear/brake-parking</property> 
                  <min>0</min>
    		 <max>1</max>    		  
    		 <wrap>false</wrap>
   	</binding>
       </action>
    </animation>                                          

     <animation>
   	<type>textranslate</type>
   	 <object-name>LGDN</object-name>
	 <property>gear/gear[1]/position-norm</property>       
   	<interpolation>
    <entry>
      <ind>0.0</ind>
      <dep>0.0</dep>
    </entry>
    <entry>
      <ind>0.999</ind>
      <dep>0.0</dep>
    </entry>  
    <entry>
      <ind>1.0</ind>
      <dep>0.034</dep>
    </entry>   
     </interpolation> 
   	<axis>
    	<x>0</x>
     	<y>1</y>
    	 <z>0</z>
   	</axis>
 	</animation>         

        <animation>
   	<type>textranslate</type>
   	 <object-name>RGDN</object-name>	        
   	 <property>gear/gear[2]/position-norm</property>       
   	<interpolation>
    <entry>
      <ind>0.0</ind>
      <dep>0.0</dep>
    </entry>
    <entry>
      <ind>0.999</ind>
      <dep>0.0</dep>
    </entry>  
    <entry>
      <ind>1.0</ind>
      <dep>0.034</dep>
    </entry>   
     </interpolation> 
   	<axis>
    	<x>0</x>
     	<y>1</y>
    	 <z>0</z>
   	</axis>
 	</animation> 

        <animation>
   	<type>textranslate</type>
   	 <object-name>NGDN</object-name>	        
   	 <property>gear/gear[0]/position-norm</property>       
   	<interpolation>
    <entry>
      <ind>0.0</ind>
      <dep>0.0</dep>
    </entry>
    <entry>
      <ind>0.999</ind>
      <dep>0.0</dep>
    </entry>  
    <entry>
      <ind>1.0</ind>
      <dep>0.034</dep>
    </entry>   
     </interpolation> 
   	<axis>
    	<x>0</x>
     	<y>1</y>
    	 <z>0</z>
   	</axis>
 	</animation> 
          
        <animation>
   	<type>textranslate</type>
   	 <object-name>LGND</object-name>
	<property>gear/gear[2]/position-norm</property>        
   	<interpolation>
    <entry>
      <ind>0.0</ind>
      <dep>0.0</dep>
    </entry>
    <entry>
      <ind>0.001</ind>
      <dep>-0.034</dep>
    </entry> 
    <entry>
      <ind>0.999</ind>
      <dep>-0.034</dep>
    </entry>  
    <entry>
      <ind>1.0</ind>
      <dep>0.0</dep>
    </entry>   
     </interpolation> 
   	<axis>
    	<x>0</x>
     	<y>1</y>
    	 <z>0</z>
   	</axis>
 	</animation>  

        <animation>
   	<type>textranslate</type>
   	 <object-name>RGND</object-name>         
	<property>gear/gear[2]/position-norm</property>       
   	<interpolation>
    <entry>
      <ind>0.0</ind>
      <dep>0.0</dep>
    </entry>
    <entry>
      <ind>0.001</ind>
      <dep>-0.034</dep>
    </entry> 
    <entry>
      <ind>0.999</ind>
      <dep>-0.034</dep>
    </entry>  
    <entry>
      <ind>1.0</ind>
      <dep>0.0</dep>
    </entry>   
     </interpolation> 
   	<axis>
    	<x>0</x>
     	<y>1</y>
    	 <z>0</z>
   	</axis>
 	</animation>  

       <animation>
   	<type>textranslate</type>
   	 <object-name>NGND</object-name>         
	<property>gear/gear[0]/position-norm</property>       
   	<interpolation>
    <entry>
      <ind>0.0</ind>
      <dep>0.0</dep>
    </entry>
    <entry>
      <ind>0.001</ind>
      <dep>-0.034</dep>
    </entry> 
    <entry>
      <ind>0.999</ind>
      <dep>-0.034</dep>
    </entry>  
    <entry>
      <ind>1.0</ind>
      <dep>0.0</dep>
    </entry>   
     </interpolation> 
   	<axis>
    	<x>0</x>
     	<y>1</y>
    	 <z>0</z>
   	</axis>
 	</animation>  
    
</PropertyList>
   
   
   
