<?xml version="1.0"?>

<PropertyList>

 <path>LWing.ac</path> 

    <animation>
  <type>rotate</type>
  <object-name>flapI/B</object-name> 
  <object-name>aftflapI/B</object-name>  
  <property>surface-positions/flap-pos-norm</property>
  <factor>25</factor>
  <offset-deg>0</offset-deg>   
  <center>
   <x-m>0.68</x-m>
   <y-m>-5.62</y-m>
   <z-m>-0.19</z-m>
  </center>
  <axis>
   <x>0</x>
   <y>1</y>
   <z>-0.13</z>
  </axis>
 </animation>

  <animation>
 <type>translate</type>    
  <object-name>flapI/B</object-name>
  <object-name>aftflapI/B</object-name> 
  <property>surface-positions/flap-pos-norm</property>
  <interpolation>
    <entry>
      <ind>0.0</ind>
      <dep>0.0</dep>
    </entry>
    <entry>
      <ind>0.25</ind>
      <dep>0.3</dep>
    </entry>
    <entry>
      <ind>0.75</ind>
      <dep>0.3</dep>
    </entry>
    <entry>
      <ind>1.0</ind>
      <dep>0.3</dep>
    </entry>
  </interpolation>    
  <center>
   <x-m>0.68</x-m>
   <y-m>-5.62</y-m>
   <z-m>-0.19</z-m>
  </center>
  <axis>
   <x>1</x>
   <y>0</y>
   <z>0</z>
  </axis>
 </animation> 

  <animation>
  <type>rotate</type> 
  <object-name>aftflapI/B</object-name>  
  <property>surface-positions/flap-pos-norm</property>
  <factor>10</factor>
  <offset-deg>0</offset-deg>   
  <center>
   <x-m>1.15</x-m>
   <y-m>-2.13</y-m>
   <z-m>-0.68</z-m>
  </center>
  <axis>
   <x>0</x>
   <y>1</y>
   <z>-0.13</z>
  </axis>
 </animation>

  <animation>
 <type>translate</type>   
  <object-name>aftflapI/B</object-name> 
  <property>surface-positions/flap-pos-norm</property>
  <interpolation>
    <entry>
      <ind>0.0</ind>
      <dep>0.0</dep>
    </entry>
    <entry>
      <ind>0.25</ind>
      <dep>0.05</dep>
    </entry>
    <entry>
      <ind>0.75</ind>
      <dep>0.05</dep>
    </entry>
    <entry>
      <ind>1.0</ind>
      <dep>0.05</dep>
    </entry>
  </interpolation>    
  <center>
   <x-m>1.15</x-m>
   <y-m>-2.13</y-m>
   <z-m>-0.68</z-m>
  </center>
  <axis>
   <x>1</x>
   <y>0</y>
   <z>0</z>
  </axis>
 </animation> 


 <animation>
  <type>rotate</type>
  <object-name>flapO/B</object-name>
  <object-name>aftflapO/B</object-name>  
  <property>surface-positions/flap-pos-norm</property>
  <factor>25</factor>
  <offset-deg>0</offset-deg>   
  <center>
   <x-m>0.68</x-m>
   <y-m>-5.62</y-m>
   <z-m>-0.19</z-m>
  </center>
  <axis>
   <x>-0.33</x>
   <y>1</y>
   <z>-0.12</z>
  </axis>
 </animation>

  <animation>
 <type>translate</type>    
  <object-name>flapO/B</object-name>
  <object-name>aftflapO/B</object-name>
  <property>surface-positions/flap-pos-norm</property>
  <interpolation>
    <entry>
      <ind>0.0</ind>
      <dep>0.0</dep>
    </entry>
    <entry>
      <ind>0.25</ind>
      <dep>0.3</dep>
    </entry>
    <entry>
      <ind>0.75</ind>
      <dep>0.3</dep>
    </entry>
    <entry>
      <ind>1.0</ind>
      <dep>0.3</dep>
    </entry>
  </interpolation>    
  <center>
   <x-m>0.68</x-m>
   <y-m>-5.62</y-m>
   <z-m>-0.19</z-m>
  </center>
  <axis>
   <x>1</x>
   <y>0</y>
   <z>0</z>
  </axis>
 </animation>

  <animation>
  <type>rotate</type>  
  <object-name>aftflapO/B</object-name>  
  <property>surface-positions/flap-pos-norm</property>
  <factor>10</factor>
  <offset-deg>0</offset-deg>   
  <center>
   <x-m>1.20</x-m>
   <y-m>-5.5.88</y-m>
   <z-m>-0.17</z-m>
  </center>
  <axis>
   <x>-0.33</x>
   <y>1</y>
   <z>-0.12</z>
  </axis>
 </animation>
 
 <animation>
 <type>translate</type>  
  <object-name>aftflapO/B</object-name>
  <property>surface-positions/flap-pos-norm</property>
  <interpolation>
    <entry>
      <ind>0.0</ind>
      <dep>0.0</dep>
    </entry>
    <entry>
      <ind>0.25</ind>
      <dep>0.05</dep>
    </entry>
    <entry>
      <ind>0.75</ind>
      <dep>0.05</dep>
    </entry>
    <entry>
      <ind>1.0</ind>
      <dep>0.05</dep>
    </entry>
  </interpolation>    
  <center>
   <x-m>1.2</x-m>
   <y-m>-5.88</y-m>
   <z-m>-0.17</z-m>
  </center>
  <axis>
   <x>1</x>
   <y>0</y>
   <z>0</z>
  </axis>
 </animation>

 <animation>
  <type>rotate</type> 
  <object-name>slat4</object-name>  
  <object-name>slat3</object-name>
  <object-name>slat2</object-name>
  <object-name>slat1</object-name>
  <property>surface-positions/flap-pos-norm</property>
   <interpolation>
    <entry>
      <ind>0.0</ind>
      <dep>0.0</dep>
    </entry>
    <entry>
      <ind>0.125</ind>
      <dep>-12.5</dep>
    </entry>
    <entry>
      <ind>0.375</ind>
      <dep>-12.5</dep>
    </entry>
    <entry>
      <ind>0.5</ind>
      <dep>-25.0</dep>
    </entry>
    <entry>
      <ind>1.0</ind>
      <dep>-25.0</dep>
    </entry>
  </interpolation>    
  <center>
   <x-m>-1.97</x-m>
   <y-m>-5.58</y-m>
   <z-m>-0.6</z-m>
  </center>
  <axis>
   <x>-0.52</x>
   <y>1</y>
   <z>-0.102</z>
  </axis>
 </animation>

  <animation>
  <type>rotate</type>
  <object-name>flap1</object-name>
  <object-name>flap2</object-name>   
  <property>surface-positions/flap-pos-norm</property>
   <interpolation>
    <entry>
      <ind>0.0</ind>
      <dep>0.0</dep>
    </entry>
    <entry>
      <ind>0.125</ind>
      <dep>110.0</dep>
    </entry>     
    <entry>
      <ind>1.0</ind>
      <dep>110.0</dep>
    </entry>
  </interpolation>    
  <center>
   <x-m>-4.88</x-m>
   <y-m>-1.85</y-m>
   <z-m>-0.76</z-m>
  </center>
  <axis>
   <x>-0.55</x>
   <y>0.7</y>
   <z>-0.12</z>
  </axis>
 </animation>

<animation>
  <type>rotate</type> 
  <object-name>fairing1</object-name>  
  <property>surface-positions/flap-pos-norm</property>
  <factor>28</factor>
  <offset-deg>0</offset-deg>   
  <center>
   <x-m>1.60</x-m>
   <y-m>0.0</y-m>
   <z-m>-0.05</z-m>
  </center>
  <axis>
   <x>0</x>
   <y>1</y>
   <z>0</z>
  </axis>
 </animation> 

<animation>
  <type>rotate</type>   
  <object-name>fairing2</object-name>  
  <property>surface-positions/flap-pos-norm</property>
  <factor>28</factor>
  <offset-deg>0</offset-deg>   
  <center>
   <x-m>0.89</x-m>
   <y-m>0.0</y-m>
   <z-m>-0.23</z-m>
  </center>
  <axis>
   <x>0</x>
   <y>1</y>
   <z>0</z>
  </axis>
 </animation> 

<animation>
  <type>rotate</type>   
  <object-name>fairing3</object-name>  
  <property>surface-positions/flap-pos-norm</property>
  <factor>26</factor>
  <offset-deg>0</offset-deg>   
  <center>
   <x-m>0.34</x-m>
   <y-m>0.0</y-m>
   <z-m>-0.48</z-m>
  </center>
  <axis>
   <x>0</x>
   <y>1</y>
   <z>0</z>
  </axis>
 </animation> 

<animation>
  <type>rotate</type>
  <object-name>mgouterstrut</object-name> 
  <object-name>lhdragstrut</object-name> 
  <object-name>sidestrutl</object-name>          
  <object-name>mglhlinkupper</object-name>
  <object-name>mglhlinklower</object-name>
  <object-name>mglhlowerstrut</object-name>
  <object-name>mglhaxle</object-name>  
  <object-name>mglhtyrelh</object-name>
  <object-name>mglhrimlh</object-name> 
   <object-name>mglhtyrerh</object-name>
   <object-name>mglhrimrh</object-name>   
  <object-name>lhgdmid</object-name>
  <object-name>geardoor</object-name>           
  <property>gear/gear[1]/position-norm</property>
   <interpolation>
    <entry>
      <ind>0.0</ind>
      <dep>81.5</dep>
    </entry>
    <entry>
      <ind>0.25</ind>
      <dep>55.0</dep>
    </entry>
    <entry>
      <ind>0.75</ind>
      <dep>28.0</dep>
    </entry>
    <entry>
      <ind>1.0</ind>
      <dep>0.0</dep>
    </entry>
  </interpolation>   
  <center>
   <x-m>-7.20</x-m>
   <y-m>-2.88</y-m>
   <z-m>-0.60</z-m>
  </center>
  <axis>
   <x>1</x>
   <y>0.0</y>
   <z>0.0</z>
  </axis>
 </animation>

 <animation>
  <type>rotate</type>   
  <object-name>sidestrutl</object-name>     
  <property>gear/gear[1]/position-norm</property>
   <interpolation>
    <entry>
      <ind>0.0</ind>
      <dep>48</dep>
    </entry>
    <entry>
      <ind>0.25</ind>
      <dep>41.0</dep>
    </entry>
    <entry>
      <ind>0.75</ind>
      <dep>31.0</dep>
    </entry>
    <entry>
      <ind>1.0</ind>
      <dep>0.0</dep>
    </entry>
  </interpolation>   
  <center>
   <x-m>-7.06</x-m>
   <y-m>-2.89</y-m>
   <z-m>-1.63</z-m>
  </center>
  <axis>
   <x>1</x>
   <y>0.0</y>
   <z>0.0</z>
  </axis>
 </animation> 

 <animation>
  <type>rotate</type>   
  <object-name>sidestrutu</object-name>    
<property>gear/gear[1]/position-norm</property>
   <interpolation>
    <entry>
      <ind>0.0</ind>
      <dep>-44</dep>
    </entry>
    <entry>
      <ind>0.25</ind>
      <dep>-32.0</dep>
    </entry>
    <entry>
      <ind>0.75</ind>
      <dep>-26.0</dep>
    </entry>
    <entry>
      <ind>1.0</ind>
      <dep>0.0</dep>
    </entry>
  </interpolation>   
  <center>
   <x-m>-7.06</x-m>
   <y-m>-1.88</y-m>
   <z-m>-0.61</z-m>
  </center>
  <axis>
   <x>1</x>
   <y>0.0</y>
   <z>0.0</z>
  </axis>
 </animation>

   <animation>
  <type>rotate</type>   
  <object-name>geardoor</object-name>      
   <property>gear/gear[1]/position-norm</property>
   <interpolation>
    <entry>
      <ind>0.0</ind>
      <dep>0.0</dep>
    </entry>    
    <entry>
      <ind>0.75</ind>
      <dep>0.0</dep>
    </entry>
    <entry>
      <ind>1.0</ind>
      <dep>-35.0</dep>
    </entry>
  </interpolation>   
  <center>
   <x-m>0.490</x-m>
   <y-m>-2.99</y-m>
   <z-m>-1.66</z-m>
  </center>
  <axis>
   <x>1</x>
   <y>0.0</y>
   <z>0.0</z>
  </axis>
 </animation> 

   <animation>
 <type>translate</type>   
   <object-name>mglhtyrelh</object-name>
   <object-name>mglhrimlh</object-name> 
    <object-name>mglhtyrerh</object-name>
   <object-name>mglhrimrh</object-name>  
   <object-name>mglhaxle</object-name>
   <object-name>mglhlinklower</object-name>
   <object-name>mglhlowerstrut</object-name>
    <property>gear/gear[1]/compression-norm</property>
   <factor>0.3</factor>
   <center>
   <x-m>-7.20</x-m>
   <y-m>-2.88</y-m>
   <z-m>-0.60</z-m>
  </center>  
  <axis>
   <x>0</x>
   <y>0</y>
   <z>1</z>
  </axis>
 </animation>

  <animation>
  <type>spin</type>
  <object-name>mglhtyrelh</object-name>
   <object-name>mglhrimlh</object-name>     
  <property>gear/gear[1]/rollspeed-ms</property>
  <factor>-5</factor>    
  <center>
   <x-m>0.288</x-m>
   <y-m>3.0</y-m>
   <z-m>-2.499</z-m>
  </center>
  <axis>
   <x>0</x>
   <y>1</y>
   <z>0</z>
  </axis>
 </animation>

  <animation>
  <type>spin</type>
 <object-name>mglhtyrerh</object-name>
   <object-name>mglhrimrh</object-name>    
  <property>gear/gear[1]/rollspeed-ms</property>
  <factor>-5</factor>    
  <center>
   <x-m>0.288</x-m>
   <y-m>3.0</y-m>
   <z-m>-2.499</z-m>
  </center>
  <axis>
   <x>0</x>
   <y>1</y>
   <z>0</z>
  </axis>
 </animation>

  <animation>
  <type>rotate</type>
  <object-name>mglhlinkupper</object-name>   
 <property>gear/gear[1]/compression-norm</property>
  <factor>30.0</factor>     
  <center>
   <x-m>0.16</x-m>
   <y-m>-2.97</y-m>
   <z-m>-1.92</z-m>
  </center>
  <axis>
   <x>0</x>
   <y>1</y>
   <z>0</z>
  </axis>
 </animation>

 <animation>
  <type>rotate</type>
 <object-name>mglhlinklower</object-name>  
 <property>gear/gear[1]/compression-norm</property>
  <factor>-30.0</factor>     
  <center>
   <x-m>0.16</x-m>
   <y-m>-2.97</y-m>
   <z-m>-2.46</z-m>
  </center>
  <axis>
   <x>0</x>
   <y>1</y>
   <z>0</z>
  </axis>
 </animation>
 

  <animation>
  <type>rotate</type>
  <object-name>lhmgdouter</object-name>   
  <property>gear/gear[1]/position-norm</property>
  <factor>110</factor>
  <offset-deg>0</offset-deg>   
  <center>
   <x-m>2.33</x-m>
   <y-m>-3.0</y-m>
   <z-m>-0.67</z-m>
  </center>
  <axis>
   <x>-1</x>
   <y>0</y>
   <z>0</z>
  </axis>
 </animation>

   <!--flight controls wing-->

   <animation>
  <type>rotate</type>
  <object-name>lhaileron</object-name>      
  <object-name>ailerontablh</object-name>   
  <property>controls/flight/aileron</property>
  <factor>18</factor>
  <offset-deg>0</offset-deg>   
  <center>
   <x-m>2.46</x-m>
   <y-m>-10.58</y-m>
   <z-m>0.42</z-m>
  </center>
  <axis>
   <x>-0.28</x>
   <y>1</y>
   <z>-0.1</z>
  </axis>
 </animation>

 <animation>
  <type>rotate</type>   
  <object-name>ailerontablh</object-name>   
  <property>controls/flight/aileron</property>
  <factor>-5</factor>
  <offset-deg>0</offset-deg>   
  <center>
   <x-m>2.68</x-m>
   <y-m>-10.58</y-m>
   <z-m>0.42</z-m>
  </center>
  <axis>
   <x>-0.3</x>
   <y>1</y>
   <z>-0.1</z>
  </axis>
 </animation>

   <!-- these are the left outboard ground spoilers --> 
  
 <animation>
  <type>rotate</type>   
  <object-name>spoiler1</object-name>
  <object-name>spoiler2</object-name>
   <object-name>spoiler3</object-name>
  <property>surface-positions/spoilers-pos-norm</property>
  <factor>-70</factor>
  <offset-deg>0</offset-deg>   
  <center>
   <x-m>1.26</x-m>
   <y-m>-7.63</y-m>
   <z-m>0.19</z-m>
  </center>
  <axis>
   <x>-0.325</x>
   <y>1</y>
   <z>-0.10</z>
  </axis>
 </animation>
  
<!-- these are the left flight spoilers --> 
   
 <animation>
  <type>rotate</type>   
  <object-name>spoiler4</object-name>
  <object-name>spoiler5</object-name>
  <property>surface-positions/speedbrake-pos-norm</property>
  <factor>-40</factor>
  <offset-deg>0</offset-deg>   
  <center>
   <x-m>0.61</x-m>
   <y-m>-5.62</y-m>
   <z-m>0.03</z-m>
  </center>
  <axis>
   <x>-0.325</x>
   <y>1</y>
   <z>-0.10</z>
  </axis>
 </animation>
  
 <!-- these are the left flight spoilers --> 
  
 <animation>
  <type>rotate</type>   
  <object-name>spoiler4</object-name>
  <object-name>spoiler5</object-name>
  <property>surface-positions/left-aileron-pos-norm</property>
  <factor>10</factor>
  <offset-deg>0</offset-deg>   
  <max-deg>0</max-deg>
  <center>
   <x-m>0.61</x-m>
   <y-m>-5.62</y-m>
   <z-m>0.03</z-m>
  </center>
  <axis>
   <x>-0.325</x>
   <y>1</y>
   <z>-0.10</z>
  </axis>
 </animation>
  
 <!-- these are the left inboard ground spoilers -->  
 
 <animation>
  <type>rotate</type>   
  <object-name>spoiler6</object-name>   
  <property>surface-positions/spoilers-pos-norm</property>
  <factor>-70</factor>
  <offset-deg>0</offset-deg>   
  <center>
   <x-m>0.75</x-m>
   <y-m>-2.43</y-m>
   <z-m>-0.53</z-m>
  </center>
  <axis>
   <x>0.0</x>
   <y>1</y>
   <z>-0.14</z>
  </axis>
 </animation>

  <!--Engine Fan-->
 <animation>
  <type>spin</type>
 <object-name>fan</object-name>      
  <property>engines/engine[0]/n1</property>
  <factor>-5</factor>    
  <center>
   <x-m>0.288</x-m>
   <y-m>-5.19</y-m>
   <z-m>-1.22</z-m>
  </center>
  <axis>
   <x>1</x>
   <y>0</y>
   <z>0</z>
  </axis>
 </animation>
 

</PropertyList>


