<?xml version="1.0"?>

<PropertyList>

 <path>nosegear.ac</path> 

<animation>
  <type>rotate</type>   
  <object-name>collar</object-name>
  <object-name>nlinkupper</object-name>
  <object-name>nlinklower</object-name>
  <object-name>nlowerstrut</object-name>
  <object-name>noseaxle</object-name>
  <object-name>ngtyrerh</object-name>
  <object-name>ngrimrh</object-name>
  <object-name>ngtyrelh</object-name>
  <object-name>ngrimlh</object-name>
   <property>controls/flight/rudder</property>
   <factor>-20</factor>
    <center>
   <x-m>-15.5</x-m>
   <y-m>0.0</y-m>
   <z-m>-1.22</z-m>
  </center> 
    <axis>
   <x>0</x>
   <y>0</y>
   <z>1</z>
  </axis>
  </animation>
	 
 <animation>
  <type>rotate</type>
  <object-name>nouterstrut</object-name>
  <object-name>rhsteercyl</object-name>
  <object-name>lhsteercyl</object-name>
  <object-name>collar</object-name>
  <object-name>nlinkupper</object-name>
  <object-name>nlinklower</object-name>
  <object-name>nlowerstrut</object-name>
  <object-name>noseaxle</object-name>
  <object-name>ngtyrerh</object-name>
  <object-name>ngrimrh</object-name>
  <object-name>ngtyrelh</object-name>
  <object-name>ngrimlh</object-name>
  <property>gear/gear[0]/position-norm</property>
   <interpolation>
    <entry>
      <ind>0.0</ind>
      <dep>120.0</dep>
    </entry>
    <entry>
      <ind>0.25</ind>
      <dep>110.0</dep>
    </entry>
    <entry>
      <ind>0.75</ind>
      <dep>0.0</dep>
    </entry>
    <entry>
      <ind>1.0</ind>
      <dep>0.0</dep>
    </entry>
  </interpolation>
   <center>
   <x-m>-15.5</x-m>
   <y-m>0.0</y-m>
   <z-m>-1.22</z-m>
  </center> 
  <axis>
   <x>0</x>
   <y>1</y>
   <z>0</z>
  </axis>
 </animation>

 <animation>
 <type>translate</type>   
   <object-name>noseaxle</object-name>
  <object-name>ngtyrerh</object-name>
  <object-name>ngrimrh</object-name>
  <object-name>ngtyrelh</object-name>
  <object-name>ngrimlh</object-name>
  <object-name>nlowerstrut</object-name>
  <object-name>noseaxle</object-name>
  <object-name>nlinklower</object-name>
    <property>gear/gear[0]/compression-norm</property>
   <factor>2</factor>
   <center>
   <x-m>-15.5</x-m>
   <y-m>0.0</y-m>
   <z-m>-1.22</z-m>
  </center>  
  <axis>
   <x>0</x>
   <y>0</y>
   <z>1</z>
  </axis>
 </animation> 

 <animation>
  <type>rotate</type>
  <object-name>rhngdoor</object-name>
 <property>gear/gear[0]/position-norm</property>
   <interpolation>
    <entry>
      <ind>0.0</ind>
      <dep>0.0</dep>
    </entry>
    <entry>
      <ind>0.25</ind>
      <dep>90.0</dep>
    </entry>
    <entry>
      <ind>0.75</ind>
      <dep>90.0</dep>
    </entry>
    <entry>
      <ind>1.0</ind>
      <dep>90.0</dep>
    </entry>
  </interpolation>   
  <center>
   <x-m>-16.55</x-m>
   <y-m>0.48</y-m>
   <z-m>-1.09</z-m>
  </center>
  <axis>
   <x>1</x>
   <y>0.0</y>
   <z>-0.1</z>
  </axis>
 </animation>

 <animation>
  <type>rotate</type>
  <object-name>lhngdoor</object-name>
  <property>gear/gear[0]/position-norm</property>
   <interpolation>
    <entry>
      <ind>0.0</ind>
      <dep>0.0</dep>
    </entry>
    <entry>
      <ind>0.25</ind>
      <dep>-90.0</dep>
    </entry>
    <entry>
      <ind>0.75</ind>
      <dep>-90.0</dep>
    </entry>
    <entry>
      <ind>1.0</ind>
      <dep>-90.0</dep>
    </entry>
  </interpolation>   
  <center>
   <x-m>-16.55</x-m>
   <y-m>-0.53</y-m>
   <z-m>-1.09</z-m>
  </center>
  <axis>
   <x>1</x>
   <y>0.0</y>
   <z>-0.09</z>
  </axis>
 </animation> 

  <animation>
  <type>rotate</type>
  <object-name>nlinkupper</object-name>   
 <property>gear/gear[0]/compression-norm</property>
  <factor>-200.0</factor>     
  <center>
   <x-m>-15.41</x-m>
   <y-m>0.0</y-m>
   <z-m>-1.80</z-m>
  </center>
  <axis>
   <x>0</x>
   <y>1</y>
   <z>0</z>
  </axis>
 </animation>

 <animation>
  <type>rotate</type>
 <object-name>nlinklower</object-name>  
 <property>gear/gear[0]/compression-norm</property>
  <factor>200.0</factor>     
  <center>
   <x-m>-15.41</x-m>
   <y-m>0.0</y-m>
   <z-m>-2.49</z-m>
  </center>
  <axis>
   <x>0</x>
   <y>1</y>
   <z>0</z>
  </axis>
 </animation>

</PropertyList>


