<?xml version="1.0"?>


<PropertyList>
    <name>PLAN</name>
    <w-base>256</w-base>
    <h-base>256</h-base>

    <layers>
        <layer>
            <name>hdg</name>
            <w>16</w>
            <h>16</h>
            <texture>
                <path>Aircraft/737NG600/Models/Instruments/MFD/symbols.png</path>
                <x1>0.050</x1>
                <y1>0.866</y1>
                <x2>0.174</x2>
                <y2>0.967</y2>
            </texture>
            <transformations>
                <transformation>
                    <type>y-shift</type>
                    <offset>118</offset>
                </transformation>
            </transformations>
            <emissive>true</emissive>
        </layer>

        <layer>
            <name>aircraft symbol</name>
            <w>25</w>
            <h>32</h>
            <texture>
                <path>Aircraft/737NG600/Models/Instruments/MFD/symbols.png</path>
                <x1>0.657</x1>
                <y1>0.621</y1>
                <x2>0.786</x2>
                <y2>0.793</y2>
            </texture>
            <transformations>
                <transformation>
                    <type>y-shift</type>
                    <offset>0</offset>
                </transformation>
                <transformation>
                    <type>rotation</type>
                    <property>orientation/heading-deg</property>
                </transformation>
            </transformations>
            <emissive>true</emissive>
        </layer>


        <layer>
            <condition>
                <greater-than>
                    <property>environment/wind-speed-kt</property>
                    <value>0.99</value>
                </greater-than>
            </condition>
            <name>wind arrow</name>
            <emissive>true</emissive>
            <w>6</w>
            <h>18</h>
            <texture>
                <path>Aircraft/737NG600/Models/Instruments/MFD/symbols.png</path>
                <x1>0.138</x1>
                <y1>0.555</y1>
                <x2>0.204</x2>
                <y2>0.776</y2>
            </texture>
           <transformations>
            <transformation>
                <type>y-shift</type>
                <offset>88</offset>
            </transformation>
            <transformation>
                <type>x-shift</type>
                <offset>-105</offset>
            </transformation>
            <transformation>
                <type>rotation</type>
                <property>orientation/heading-magnetic-deg</property>
                <scale>-1</scale>
            </transformation>
            <transformation>
                <type>rotation</type>
                <property>environment/wind-from-heading-deg</property>
            </transformation>
            </transformations>
        </layer>

</layers>

</PropertyList>
