<?xml version="1.0"?>


<PropertyList>
    <name>RADAR</name>
    <w-base>256</w-base>
    <h-base>256</h-base>

    <layers>

        <layer>
            <condition>
                <not>
                    <property>instrumentation/efis/inputs/nd-centered</property>
                </not>
            </condition>
            <name>radararc</name>
            <w>350</w>
            <h>350</h>
            <texture>
                <path>Aircraft/737NG600/Models/Instruments/MFD/od_wxradar.png</path>
                <x1>0.0</x1>
                <y1>0.0</y1>
                <x2>1</x2>
                <y2>1</y2>
            </texture>
            <transformations>
                <transformation>
                    <type>y-shift</type>
                    <offset>-78</offset>
                </transformation>
                <transformation>
                    <type>x-shift</type>
                    <offset>1</offset>
                </transformation>
            </transformations>
            <emissive>true</emissive>
        </layer>

        <layer>
            <condition>
                    <property>instrumentation/efis/inputs/nd-centered</property>
            </condition>
            <name>radarfull</name>
            <w>220</w>
            <h>220</h>
            <texture>
                <path>Aircraft/737NG600/Models/Instruments/MFD/od_wxradar.png</path>
                <x1>0.0</x1>
                <y1>0.0</y1>
                <x2>1</x2>
                <y2>1</y2>
            </texture>
            <transformations>
                <transformation>
                    <type>y-shift</type>
                    <offset>-12</offset>
                </transformation>
                <transformation>
                    <type>x-shift</type>
                    <offset>1</offset>
                </transformation>
            </transformations>
            <emissive>true</emissive>
        </layer>

    </layers>

</PropertyList>
