<?xml version="1.0"?>


<PropertyList>
    <name>symbols</name>
    <w-base>256</w-base>
    <h-base>256</h-base>

    <layers>

        <layer>
            <name>hdgbug</name>
            <emissive>true</emissive>
            <w>10</w>
            <h>176</h>
            <texture>
                <path>Aircraft/737NG600/Models/Instruments/MFD/symbols.png</path>
                <x1>0.102</x1>
                <y1>0.221</y1>
                <x2>0.150</x2>
                <y2>0.947</y2>
            </texture>
           <transformations>
            <transformation>
                <type>y-shift</type>
                <offset>-76</offset>
            </transformation>
            <transformation>
                <type>rotation</type>
                <property>autopilot/internal/fdm-heading-bug-error-deg</property>
            </transformation>
            <transformation><!--shift rotation origin-->
                <type>y-shift</type>
                <offset>89</offset>
            </transformation>
        </transformations>
        </layer>

        <layer>
            <condition>
                <greater-than>
                    <property>environment/wind-speed-kt</property>
                    <value>0.99</value>
                </greater-than>
            </condition>
            <name>wind arrow</name>
            <emissive>true</emissive>
            <w>6</w>
            <h>18</h>
            <texture>
                <path>Aircraft/737NG600/Models/Instruments/MFD/symbols.png</path>
                <x1>0.161</x1>
                <y1>0.606</y1>
                <x2>0.250</x2>
                <y2>0.874</y2>
            </texture>
           <transformations>
            <transformation>
                <type>y-shift</type>
                <offset>88</offset>
            </transformation>
            <transformation>
                <type>x-shift</type>
                <offset>-105</offset>
            </transformation>
            <transformation>
                <type>rotation</type>
                <property>orientation/heading-magnetic-deg</property>
                <scale>-1</scale>
            </transformation>
            <transformation>
                <type>rotation</type>
                <property>environment/wind-from-heading-deg</property>
            </transformation>
            </transformations>
        </layer>


    </layers>

</PropertyList>
