<?xml version="1.0" encoding="UTF-8" ?>

<!-- IT-AUTOFLIGHT Autoflight Control Dialog -->


<PropertyList>

	<name>autopilot</name>
	<layout>vbox</layout>
    <pref-width>260</pref-width>

    <group>
        <layout>hbox</layout>
        <text>
            <halign>left</halign>
            <label>IT-AUTOFLIGHT V3.0.0 Beta</label>
        </text>
        <button>
            <halign>right</halign>
            <pref-width>20</pref-width>
            <pref-height>20</pref-height>
            <legend>X</legend>
            <key>Esc</key>
            <binding>
                <command>dialog-close</command>
            </binding>
        </button>
    </group>
	
    <hrule/>

	<group>
		<layout>hbox</layout>
		<button>
			<legend>A/T</legend>
            <pref-width>35</pref-width>
			<binding>
			<command>property-toggle</command>
			<property>/it-autoflight/at_mastersw</property>
			</binding>
		</button>
		<button>
			<legend>AP1</legend>
            <pref-width>35</pref-width>
			<binding>
			<command>property-toggle</command>
			<property>/it-autoflight/ap_mastersw</property>
			</binding>
		</button>
		<button>
			<legend>AP2</legend>
            <pref-width>35</pref-width>
			<binding>
			<command>property-toggle</command>
			<property>/it-autoflight/ap_mastersw2</property>
			</binding>
		</button>
		<button>
			<legend>CWS</legend>
            <pref-width>35</pref-width>
			<enable>
				<equals>
					<property>/it-autoflight/settings/CWS-allowed</property>
					<value>IAMANOCTALYESIAM</value>
				</equals>
			</enable>
			<binding>
			<command>property-toggle</command>
			<property>/it-autoflight/unused/cws_mastersw</property>
			</binding>
		</button>
		<button>
			<legend>FD1</legend>
            <pref-width>35</pref-width>
			<binding>
			<command>property-toggle</command>
			<property>/it-autoflight/fd_mastersw</property>
			</binding>
		</button>
		<button>
			<legend>FD2</legend>
            <pref-width>35</pref-width>
			<binding>
			<command>property-toggle</command>
			<property>/it-autoflight/fd_mastersw2</property>
			</binding>
		</button>
	</group>
	
	<group>
		<layout>hbox</layout>
		<text>
			<label>[A/T]</label>
			<visible>
				<equals>
					<property>/it-autoflight/at_master</property>
					<value>1</value>
				</equals>
			</visible>
		</text>
		<text>
			<label>[AP1]</label>
			<visible>
				<equals>
					<property>/it-autoflight/ap_master</property>
					<value>1</value>
				</equals>
			</visible>
		</text>
		<text>
			<label>[AP2]</label>
			<visible>
				<equals>
					<property>/it-autoflight/ap_master2</property>
					<value>1</value>
				</equals>
			</visible>
		</text>
		<text>
			<label>[CWS]</label>
			<visible>
				<equals>
					<property>/it-autoflight/unused/cws_master</property>
					<value>1</value>
				</equals>
			</visible>
		</text>
		<text>
			<label>[FD1]</label>
			<visible>
				<equals>
					<property>/it-autoflight/fd_master</property>
					<value>1</value>
				</equals>
			</visible>
		</text>
		<text>
			<label>[FD2]</label>
			<visible>
				<equals>
					<property>/it-autoflight/fd_master2</property>
					<value>1</value>
				</equals>
			</visible>
		</text>
	</group>

	<group>
		<layout>vbox</layout>
		
		<group>
			<layout>hbox</layout>

			<hrule>
				<stretch type="bool">true</stretch>
			</hrule>
			<text>
				<label>Flight Modes</label>
			</text>
			<hrule>
				<stretch type="bool">true</stretch>
			</hrule>
		</group>
		
		<group>
			<layout>hbox</layout>
			<text>
				<border>1</border>
				<label>999999</label>
				<valign>center</valign>
				<property>/it-autoflight/txtthrmode</property>
				<live>1</live>
			</text>
			<vrule/>
			<text>
				<border>1</border>
				<label>99999</label>
				<valign>center</valign>
				<property>/it-autoflight/txtarmmode</property>
				<live>1</live>
			</text>
			<vrule/>
			<text>
				<border>1</border>
				<label>99999</label>
				<valign>center</valign>
				<property>/it-autoflight/txtlatmode</property>
				<live>1</live>
			</text>
			<vrule/>
			<text>
				<border>1</border>
				<label>99999999</label>
				<valign>center</valign>
				<property>/it-autoflight/txtvertmode</property>
				<live>1</live>
			</text>
		</group>

		<group>
			<layout>hbox</layout>

			<hrule>
				<stretch type="bool">true</stretch>
			</hrule>
			<text>
				<label>Thrust Mode</label>
			</text>
			<hrule>
				<stretch type="bool">true</stretch>
			</hrule>
		</group>
		
		<group>
			<layout>hbox</layout>
			
			<button>
				<row>0</row>
				<col>1</col>
				<legend>SPD</legend>
				<binding>
				<command>property-assign</command>
				<property>/it-autoflight/apthrmode</property>
				<value>0</value>
				</binding>
			</button>
		
			<button>
				<row>1</row>
				<col>1</col>
				<legend>Mach</legend>
				<binding>
				<command>property-assign</command>
				<property>/it-autoflight/apthrmode</property>
				<value>1</value>
				</binding>
			</button>
			
			<button>
				<row>0</row>
				<col>1</col>
				<legend>TOGA</legend>
				<enable>
					<equals>
						<property>/it-autoflight/unused/toga</property>
						<value>IAMANOCTALYESIAM</value>
					</equals>
				</enable>
				<binding>
				<command>property-cycle</command>
				<property>/it-autoflight/toga</property>
				<value>0</value>
				<value>1</value>
				</binding>
			</button>
		</group>

		<group>
			<layout>table</layout>
			
			<text>
				<row>0</row>
				<col>0</col>
				<label>SPD:  </label>
			</text>
			
			<button>
				<row>0</row>
				<col>1</col>
                <pref-width>25</pref-width>
                <pref-height>25</pref-height>
				<legend>&lt;&lt;</legend>
				<enable>
					<equals>
						<property>/it-autoflight/apthrmode</property>
						<value>0</value>
					</equals>
				</enable>
				<binding>
					<command>property-adjust</command>
					<property>/it-autoflight/settings/target-speed-kt</property>
					<min>0</min>
					<max>380</max>
					<step>-10</step>
					<wrap>false</wrap>
				</binding>
			</button>
			<button>
				<row>0</row>
				<col>2</col>
                <pref-width>25</pref-width>
                <pref-height>25</pref-height>
				<legend>&lt;</legend>
				<enable>
					<equals>
						<property>/it-autoflight/apthrmode</property>
						<value>0</value>
					</equals>
				</enable>
				<binding>
					<command>property-adjust</command>
					<property>/it-autoflight/settings/target-speed-kt</property>
					<min>0</min>
					<max>380</max>
					<step>-1</step>
					<wrap>false</wrap>
				</binding>
			</button>

			<input>
				<row>0</row>
				<col>3</col>
                <pref-width>40</pref-width>
				<property>/it-autoflight/settings/target-speed-kt</property>
				<live type="bool">true</live>
				<enable>
					<equals>
						<property>/it-autoflight/apthrmode</property>
						<value>0</value>
					</equals>
				</enable>
				<binding>
					<command>dialog-apply</command>
				</binding>
			</input>
			
			<button>
				<row>0</row>
				<col>4</col>
                <pref-width>25</pref-width>
                <pref-height>25</pref-height>
				<legend>&gt;</legend>
				<enable>
					<equals>
						<property>/it-autoflight/apthrmode</property>
						<value>0</value>
					</equals>
				</enable>
				<binding>
					<command>property-adjust</command>
					<property>/it-autoflight/settings/target-speed-kt</property>
					<min>0</min>
					<max>380</max>
					<step>1</step>
					<wrap>false</wrap>
				</binding>
			</button>
			<button>
				<row>0</row>
				<col>5</col>
				<halign>left</halign>
                <pref-width>25</pref-width>
                <pref-height>25</pref-height>
				<legend>&gt;&gt;</legend>
				<enable>
					<equals>
						<property>/it-autoflight/apthrmode</property>
						<value>0</value>
					</equals>
				</enable>
				<binding>
					<command>property-adjust</command>
					<property>/it-autoflight/settings/target-speed-kt</property>
					<min>0</min>
					<max>380</max>
					<step>10</step>
					<wrap>false</wrap>
				</binding>
			</button>
			
		</group>
		
		<group>
			<layout>table</layout>
			
			<text>
				<row>0</row>
				<col>0</col>
				<label>Mach:</label>
			</text>
			
			<button>
				<row>0</row>
				<col>1</col>
                <pref-width>25</pref-width>
                <pref-height>25</pref-height>
				<legend>&lt;&lt;</legend>
				<enable>
					<equals>
						<property>/it-autoflight/apthrmode</property>
						<value>1</value>
					</equals>
				</enable>
				<binding>
					<command>property-adjust</command>
					<property>/it-autoflight/settings/target-mach</property>
					<min>0</min>
					<max>0.99</max>
					<step>-0.1</step>
					<wrap>false</wrap>
				</binding>
			</button>
			<button>
				<row>0</row>
				<col>2</col>
                <pref-width>25</pref-width>
                <pref-height>25</pref-height>
				<legend>&lt;</legend>
				<enable>
					<equals>
						<property>/it-autoflight/apthrmode</property>
						<value>1</value>
					</equals>
				</enable>
				<binding>
					<command>property-adjust</command>
					<property>/it-autoflight/settings/target-mach</property>
					<min>0</min>
					<max>0.99</max>
					<step>-0.01</step>
					<wrap>false</wrap>
				</binding>
			</button>

			<input>
				<row>0</row>
				<col>3</col>
                <pref-width>40</pref-width>
				<property>/it-autoflight/settings/target-mach</property>
				<live type="bool">true</live>
				<enable>
					<equals>
						<property>/it-autoflight/apthrmode</property>
						<value>1</value>
					</equals>
				</enable>
				<binding>
					<command>dialog-apply</command>
				</binding>
			</input>
			
			<button>
				<row>0</row>
				<col>4</col>
                <pref-width>25</pref-width>
                <pref-height>25</pref-height>
				<legend>&gt;</legend>
				<enable>
					<equals>
						<property>/it-autoflight/apthrmode</property>
						<value>1</value>
					</equals>
				</enable>
				<binding>
					<command>property-adjust</command>
					<property>/it-autoflight/settings/target-mach</property>
					<min>0</min>
					<max>0.99</max>
					<step>0.01</step>
					<wrap>false</wrap>
				</binding>
			</button>
			<button>
				<row>0</row>
				<col>5</col>
				<halign>left</halign>
                <pref-width>25</pref-width>
                <pref-height>25</pref-height>
				<legend>&gt;&gt;</legend>
				<enable>
					<equals>
						<property>/it-autoflight/apthrmode</property>
						<value>1</value>
					</equals>
				</enable>
				<binding>
					<command>property-adjust</command>
					<property>/it-autoflight/settings/target-mach</property>
					<min>0</min>
					<max>0.99</max>
					<step>0.1</step>
					<wrap>false</wrap>
				</binding>
			</button>
			
		</group>

		<group>
			<layout>hbox</layout>

			<hrule>
				<stretch type="bool">true</stretch>
			</hrule>
			<text>
				<label>Lateral Mode</label>
			</text>
			<hrule>
				<stretch type="bool">true</stretch>
			</hrule>
		</group>
		
		<group>
			<layout>hbox</layout>
			
			<button>
                <pref-width>50</pref-width>
				<legend>HLD</legend>
				<binding>
				<command>property-assign</command>
				<property>/it-autoflight/aplatset</property>
				<value>3</value>
				</binding>
			</button>
		
			<button>
                <pref-width>50</pref-width>
				<legend>SEL</legend>
				<binding>
				<command>property-assign</command>
				<property>/it-autoflight/aplatset</property>
				<value>0</value>
				</binding>
			</button>
			
			<button>
                <pref-width>50</pref-width>
				<legend>LNAV</legend>
				<binding>
				<command>property-assign</command>
				<property>/it-autoflight/aplatset</property>
				<value>1</value>
				</binding>
			</button>
			
			<button>
                <pref-width>65</pref-width>
				<legend>VOR/LOC</legend>
				<binding>
				<command>property-assign</command>
				<property>/it-autoflight/aplatset</property>
				<value>2</value>
				</binding>
			</button>
		</group>
		
		<group>
			<layout>table</layout>
			
			<text>
				<row>0</row>
				<col>0</col>
				<label>HDG:</label>
			</text>
			
			<button>
				<row>0</row>
				<col>1</col>
                <pref-width>25</pref-width>
                <pref-height>25</pref-height>
				<legend>&lt;&lt;</legend>
				<binding>
					<command>property-adjust</command>
					<property>/it-autoflight/settings/heading-bug-deg</property>
					<min>1</min>
					<max>361</max>
					<step>-10</step>
					<wrap>true</wrap>
				</binding>
			</button>
			<button>
				<row>0</row>
				<col>2</col>
                <pref-width>25</pref-width>
                <pref-height>25</pref-height>
				<legend>&lt;</legend>
				<binding>
					<command>property-adjust</command>
					<property>/it-autoflight/settings/heading-bug-deg</property>
					<min>1</min>
					<max>361</max>
					<step>-1</step>
					<wrap>true</wrap>
				</binding>
			</button>

			<input>
				<row>0</row>
				<col>3</col>
                <pref-width>40</pref-width>
				<property>/it-autoflight/settings/heading-bug-deg</property>
				<live type="bool">true</live>
				<binding>
					<command>dialog-apply</command>
				</binding>
			</input>
			
			<button>
				<row>0</row>
				<col>4</col>
                <pref-width>25</pref-width>
                <pref-height>25</pref-height>
				<legend>&gt;</legend>
				<binding>
					<command>property-adjust</command>
					<property>/it-autoflight/settings/heading-bug-deg</property>
					<min>1</min>
					<max>361</max>
					<step>1</step>
					<wrap>true</wrap>
				</binding>
			</button>
			<button>
				<row>0</row>
				<col>5</col>
				<halign>left</halign>
                <pref-width>25</pref-width>
                <pref-height>25</pref-height>
				<legend>&gt;&gt;</legend>
				<binding>
					<command>property-adjust</command>
					<property>/it-autoflight/settings/heading-bug-deg</property>
					<min>1</min>
					<max>361</max>
					<step>10</step>
					<wrap>true</wrap>
				</binding>
			</button>
		</group>
		
		<group>
			<layout>hbox</layout>
			<text>
				<label>Mode:</label>
			</text>
			<text>
				<label>[MAG]</label>
				<visible>
					<equals>
						<property>/it-autoflight/settings/use-true-hdg-error</property>
						<value>0</value>
					</equals>
				</visible>
			</text>
			<text>
				<label>[TRU]</label>
				<visible>
					<equals>
						<property>/it-autoflight/settings/use-true-hdg-error</property>
						<value>1</value>
					</equals>
				</visible>
			</text>
			<button>
                <pref-width>60</pref-width>
				<legend>Magnetic</legend>
				<binding>
					<command>property-assign</command>
					<property>/it-autoflight/settings/use-true-hdg-error</property>
					<value>0</value>
				</binding>
			</button>
			<button>
                <pref-width>45</pref-width>
				<legend>True</legend>
				<binding>
					<command>property-assign</command>
					<property>/it-autoflight/settings/use-true-hdg-error</property>
					<value>1</value>
				</binding>
			</button>
		</group>
		
		<group>
			<layout>hbox</layout>
			<text>
				<row>0</row>
				<col>0</col>
				<label>Bank Limit Select:</label>
			</text>
			
			<slider>
				<row>0</row>
				<col>0</col>
				<halign>center</halign>
				<pref-width>130</pref-width>
				<property>/it-autoflight/settings/bank-limit</property>
				<step>5</step>
				<min>5</min>
				<max>30</max>
				<live type="bool">true</live>
				<binding>
					<command>dialog-apply</command>
				</binding>
			</slider>
		</group>
		
		<group>
			<layout>hbox</layout>
			<button>
                <pref-width>70</pref-width>
				<legend>AUTO</legend>
				<binding>
				<command>property-assign</command>
				<property>/it-autoflight/settings/bank-limit</property>
				<value>30</value>
				</binding>
			</button>
			
			<text>
				<row>0</row>
				<col>0</col>
				<halign>right</halign>
				<label>5   10   15   20   25   30</label>
			</text>
		</group>

		<group>
			<layout>hbox</layout>

			<hrule>
				<stretch type="bool">true</stretch>
			</hrule>
			<text>
				<label>Vertical Mode</label>
			</text>
			<hrule>
				<stretch type="bool">true</stretch>
			</hrule>
		</group>
		
		<group>
			<layout>hbox</layout>
			
			<button>
                <pref-width>40</pref-width>
				<legend>HLD</legend>
				<binding>
				<command>property-assign</command>
				<property>/it-autoflight/apvertset</property>
				<value>0</value>
				</binding>
			</button>
		
			<button>
                <pref-width>40</pref-width>
				<legend>FLCH</legend>
				<binding>
				<command>property-assign</command>
				<property>/it-autoflight/apvertset</property>
				<value>4</value>
				</binding>
			</button>
			
			<button>
                <pref-width>40</pref-width>
				<legend>V/S</legend>
				<binding>
				<command>property-assign</command>
				<property>/it-autoflight/apvertset</property>
				<value>1</value>
				</binding>
			</button>
			
			<button>
                <pref-width>40</pref-width>
				<legend>VNAV</legend>
				<enable>
					<equals>
						<property>/it-autoflight/settings/disabled-button</property>
						<value>IAMANOCTALYESIAM</value>
					</equals>
				</enable>
				<binding>
				<command>property-assign</command>
				<property>/it-autoflight/unused/vnav</property>
				<value>1</value>
				</binding>
			</button>
			
			<button>
                <pref-width>55</pref-width>
				<legend>ILS</legend>
				<binding>
				<command>property-assign</command>
				<property>/it-autoflight/apvertset</property>
				<value>2</value>
				</binding>
			</button>
		</group>
		
		<group>
			<layout>table</layout>
			
			<text>
				<row>0</row>
				<col>0</col>
				<label>ALT:</label>
			</text>
			
			<button>
				<row>0</row>
				<col>1</col>
                <pref-width>25</pref-width>
                <pref-height>25</pref-height>
				<legend>&lt;&lt;</legend>
				<binding>
					<command>property-adjust</command>
					<property>/it-autoflight/settings/target-altitude-ft</property>
					<min>0</min>
					<max>50000</max>
					<step>-1000</step>
					<wrap>false</wrap>
				</binding>
			</button>
			<button>
				<row>0</row>
				<col>2</col>
                <pref-width>25</pref-width>
                <pref-height>25</pref-height>
				<legend>&lt;</legend>
				<binding>
					<command>property-adjust</command>
					<property>/it-autoflight/settings/target-altitude-ft</property>
					<min>0</min>
					<max>50000</max>
					<step>-100</step>
					<wrap>false</wrap>
				</binding>
			</button>

			<input>
				<row>0</row>
				<col>3</col>
                <pref-width>55</pref-width>
				<property>/it-autoflight/settings/target-altitude-ft</property>
				<live type="bool">true</live>
				<binding>
					<command>dialog-apply</command>
				</binding>
			</input>
			
			<button>
				<row>0</row>
				<col>4</col>
                <pref-width>25</pref-width>
                <pref-height>25</pref-height>
				<legend>&gt;</legend>
				<binding>
					<command>property-adjust</command>
					<property>/it-autoflight/settings/target-altitude-ft</property>
					<min>0</min>
					<max>50000</max>
					<step>100</step>
					<wrap>false</wrap>
				</binding>
			</button>
			<button>
				<row>0</row>
				<col>5</col>
				<halign>left</halign>
                <pref-width>25</pref-width>
                <pref-height>25</pref-height>
				<legend>&gt;&gt;</legend>
				<binding>
					<command>property-adjust</command>
					<property>/it-autoflight/settings/target-altitude-ft</property>
					<min>0</min>
					<max>50000</max>
					<step>1000</step>
					<wrap>false</wrap>
				</binding>
			</button>
		</group>

		<group>
			<layout>table</layout>
			
			<text>
				<row>0</row>
				<col>0</col>
				<label>V/S:</label>
			</text>
			
			<button>
				<row>0</row>
				<col>1</col>
                <pref-width>25</pref-width>
                <pref-height>25</pref-height>
				<legend>&lt;&lt;</legend>
				<binding>
					<command>property-adjust</command>
					<property>/it-autoflight/settings/vertical-speed-fpm</property>
					<min>-6000</min>
					<max>6000</max>
					<step>-1000</step>
					<wrap>false</wrap>
				</binding>
			</button>
			<button>
				<row>0</row>
				<col>2</col>
                <pref-width>25</pref-width>
                <pref-height>25</pref-height>
				<legend>&lt;</legend>
				<binding>
					<command>property-adjust</command>
					<property>/it-autoflight/settings/vertical-speed-fpm</property>
					<min>-6000</min>
					<max>6000</max>
					<step>-100</step>
					<wrap>false</wrap>
				</binding>
			</button>

			<input>
				<row>0</row>
				<col>3</col>
                <pref-width>55</pref-width>
				<property>/it-autoflight/settings/vertical-speed-fpm</property>
				<live type="bool">true</live>
				<binding>
					<command>dialog-apply</command>
				</binding>
			</input>
			
			<button>
				<row>0</row>
				<col>4</col>
                <pref-width>25</pref-width>
                <pref-height>25</pref-height>
				<legend>&gt;</legend>
				<binding>
					<command>property-adjust</command>
					<property>/it-autoflight/settings/vertical-speed-fpm</property>
					<min>-6000</min>
					<max>6000</max>
					<step>100</step>
					<wrap>false</wrap>
				</binding>
			</button>
			<button>
				<row>0</row>
				<col>5</col>
				<halign>left</halign>
                <pref-width>25</pref-width>
                <pref-height>25</pref-height>
				<legend>&gt;&gt;</legend>
				<binding>
					<command>property-adjust</command>
					<property>/it-autoflight/settings/vertical-speed-fpm</property>
					<min>-6000</min>
					<max>6000</max>
					<step>1000</step>
					<wrap>false</wrap>
				</binding>
			</button>
		</group>
		
	</group>

</PropertyList>
