<?xml version="1.0"?>

<!--
**********************************************************************
This file selects the instrumentation modules that should be available.
**********************************************************************
-->

<PropertyList>

    <adf>
        <name>adf</name>
        <number>0</number>
    </adf>

    <adf>
        <name>adf</name>
        <number>1</number>
    </adf>

    <airspeed-indicator>
        <name>airspeed-indicator</name>
        <number>0</number>
        <total-pressure>/systems/pitot/total-pressure-inhg</total-pressure>
        <static-pressure>/systems/static/pressure-inhg</static-pressure>
    </airspeed-indicator>

    <altimeter>
        <name>altimeter</name>
        <number>0</number>
        <static-pressure>/systems/static/pressure-inhg</static-pressure>
    </altimeter>

    <attitude-indicator>
        <name>attitude-indicator</name>
        <number>0</number>
        <suction>/systems/vacuum/suction-inhg</suction>
    </attitude-indicator>

    <clock>
        <name>clock</name>
        <number>0</number>
    </clock> 

    <heading-indicator>
        <name>heading-indicator</name>
        <number>0</number>
        <suction>/systems/vacuum/suction-inhg</suction>
    </heading-indicator>

    <heading-indicator-dg>
        <name>heading-indicator-dg</name>
        <number>0</number>
    </heading-indicator-dg>

    <magnetic-compass>
        <name>magnetic-compass</name>
        <number>0</number>
    </magnetic-compass>

    <nav-radio>
        <name>nav</name>
        <number>0</number>
    </nav-radio>

    <nav-radio>
        <name>nav</name>
        <number>1</number>
    </nav-radio>

    <slip-skid-ball>
        <name>slip-skid-ball</name>
        <number>0</number>
    </slip-skid-ball>

    <turn-indicator>
        <name>turn-indicator</name>
        <number>0</number>
    </turn-indicator>

    <radar>
        <name>radar</name>
        <number>0</number>
    </radar><!--

    <groundradar>
        <name>groundradar</name>
        <airport-id-source>instrumentation/groundradar/id</airport-id-source>
        <range-source>instrumentation/groundradar/range</range-source>
    </groundradar>-->

    <mk-viii>
        <name>mk-viii</name>
        <number>0</number>
    </mk-viii> 

    <marker-beacon>
        <name>marker-beacon</name>
        <number>0</number>
    </marker-beacon> 

    <transponder>
        <name>transponder</name>
        <number>0</number>
    </transponder> 
    
</PropertyList>
