<?xml version="1.0"?>

<PropertyList>

  <electrical>
    <path></path>
  </electrical>

  <pitot>
    <name>pitot</name>
    <number>0</number>
  </pitot>

  <static>
    <name>static</name>
    <number>0</number>
    <tau>1</tau>
  </static>

  <vacuum>
    <name>vacuum</name>
    <number>0</number>
    <rpm>engines/engine[0]n1</rpm>
    <scale>20.0</scale>
  </vacuum>

  <vacuum>
    <name>vacuum</name>
    <number>1</number>
    <rpm>engines/engine[1]/n1</rpm>
    <scale>20.0</scale>
  </vacuum>

</PropertyList>
