<?xml version="1.0"?>


<PropertyList>
   <path>vor.ac</path>
   
   
   <animation>
     <type>rotate</type>   
     <object-name>Face</object-name> 
     <property>orientation/heading-magnetic-deg</property>
     <axis>
     <x>1.0</x>
     <y>0.0</y>
     <z>0.0</z>
    </axis>   
   </animation> 
    
   <animation>   
    <type>rotate</type>   
     <object-name>Needle1</object-name>
    <property>/instrumentation/nav/radials/actual-deg</property>
     <offset-deg>90</offset-deg>
     <factor>-1.0</factor>                         
     <axis>
     <x>1.0</x>
     <y>0.0</y>
     <z>0.0</z>
    </axis>   
    </animation>
    
   <animation>
    <type>rotate</type>
     <object-name>Needle1</object-name>
     <property>/orientation/heading-magnetic-deg</property>      
     <scale>-1.0</scale> 
      <axis>
     <x>1.0</x>
     <y>0.0</y>
     <z>0.0</z>
    </axis> 
    </animation>    
     
    <animation>
    <type>rotate</type>
     <object-name>Needle2</object-name>
     <property>/instrumentation/nav[1]/radials/actual-deg</property>
       <offset-deg>90</offset-deg>      
     <factor>-1.0</factor>                
     <axis>
     <x>1.0</x>
     <y>0.0</y>
     <z>0.0</z>
    </axis>      
    </animation>

     <animation>
    <type>rotate</type>
     <object-name>Needle2</object-name>
     <property>/orientation/heading-magnetic-deg</property>     
     <scale>-1.0</scale> 
      <axis>
     <x>1.0</x>
     <y>0.0</y>
     <z>0.0</z>
    </axis> 
    </animation>
    
     <!-- 
     <animation>
    <type>rotate</type>
     <object-name>ADF1</object-name> 
     <object-name>VOR1</object-name>       
     <property>/instrumentation/nav/frequencies/selected-mhz</property>    
         
    <center>
            <x-m>0.036</x-m>
            <y-m>-0.022</y-m>
            <z-m>-0.022</z-m>
        </center>
    <axis>
     <x>1.0</x>
     <y>0.0</y>
     <z>0.0</z>
    </axis>      
    </animation>
      
     <animation>
        <type>pick</type>
        <object-name>VOR/ADF1</object-name>
        <action>
            <button>0</button>
            <repeatable>true</repeatable>
            <binding>
            <command>property-swap</command>
            <property>/instrumentation/nav/frequencies/selected-mhz</property>
                <step>-0.05</step>
    		<min>108.0</min>
   		<max>117.95</max>
    		<resolution>0.01</resolution>
    		<wrap>true</wrap>   
         </binding>    
        </action>
    </animation>

    <animation>
        <type>pick</type>
        <object-name>VOR2</object-name>
        <action>
            <button>0</button>
            <repeatable>true</repeatable>
            <binding>
            <command>property-adjust</command>
            <property>/instrumentation/nav/frequencies/selected-mhz</property>
                <step>0.05</step>
    		<min>108.0</min>
   		<max>117.95</max>
    		<resolution>0.01</resolution>
    		<wrap>true</wrap>   
         </binding>    
        </action>
    </animation>
      
    <animation>
        <type>pick</type>
        <object-name>ADF1</object-name>
        <action>
            <button>0</button>
            <repeatable>true</repeatable>
           <binding>
    <command>property-adjust</command>
    <property>/instrumentation/adf/frequencies/selected-khz</property>      
    <step>1</step>
    <min>100.000</min>
    <max>500.000</max>
    <resolution>0.025</resolution>
    <wrap>true</wrap>
   </binding>
        </action>
    </animation>
    --> 
     

</PropertyList>
