<!--
777-200 Chronometer 
-->

<PropertyList>
 <path>clock.ac</path>

  <animation>
  <type>material</type>
  <object-name>Chronobezel</object-name>
  <emission>
    <red>0.3</red>
    <green>0.25</green>
    <blue>0.2</blue>
    <factor-prop>controls/lighting/map-lights</factor-prop>	
  </emission>
</animation>

 <animation>
   <type>textranslate</type>
   <object-name>Hr.10</object-name>
   <property>/instrumentation/clock/indicated-hour</property>
   <factor>0.01</factor>
   <step>10</step>
   <axis>
     <x>0</x>
     <y>1</y>
     <z>0</z>
   </axis>
 </animation>

 <animation>
   <type>textranslate</type>
   <object-name>Hr.01</object-name>
   <property>/instrumentation/clock/indicated-hour</property>
   <factor>0.1</factor>
   <step>1</step>
   <axis>
     <x>0</x>
     <y>1</y>
     <z>0</z>
   </axis>
 </animation>
 
  <animation>
   <type>textranslate</type>
   <object-name>Mn.10</object-name>
   <property>/instrumentation/clock/indicated-min</property>
   <factor>0.01</factor>
   <step>10</step>
   <axis>
     <x>0</x>
     <y>1</y>
     <z>0</z>
   </axis>
 </animation>

 <animation>
   <type>textranslate</type>
   <object-name>Mn.01</object-name>
   <property>/instrumentation/clock/indicated-min</property>
   <factor>0.1</factor>
   <step>1</step>
   <axis>
     <x>0</x>
     <y>1</y>
     <z>0</z>
   </axis>
 </animation>

 <animation>
   <type>textranslate</type>
   <object-name>ET10</object-name>
   <property>/instrumentation/clock/ET-hr</property>
   <factor>0.01</factor>
   <step>10</step>
   <axis>
     <x>0</x>
     <y>1</y>
     <z>0</z>
   </axis>
 </animation>

 <animation>
   <type>textranslate</type>
   <object-name>ET01</object-name>
   <property>/instrumentation/clock/ET-hr</property>
   <factor>0.1</factor>
   <step>1</step>
   <axis>
     <x>0</x>
     <y>1</y>
     <z>0</z>
   </axis>
 </animation>

 <animation>
   <type>textranslate</type>
   <object-name>ET.10</object-name>
   <property>/instrumentation/clock/ET-min</property>
   <factor>0.01</factor>
   <step>10</step>
   <axis>
     <x>0</x>
     <y>1</y>
     <z>0</z>
   </axis>
 </animation>

 <animation>
   <type>textranslate</type>
   <object-name>ET.01</object-name>
   <property>/instrumentation/clock/ET-min</property>
   <factor>0.1</factor>
   <step>1</step>
   <axis>
     <x>0</x>
     <y>1</y>
     <z>0</z>
   </axis>
 </animation>

 <animation>
   <type>select</type>
   <object-name>ET10</object-name>
   <condition>
<greater-than>
<property>/instrumentation/clock/ET-hr</property>
<value>10</value>
</greater-than>
</condition>
 </animation>

<animation>
   <type>select</type>
   <object-name>ET01</object-name>
   <condition>
<greater-than>
<property>/instrumentation/clock/ET-hr</property>
<value>1</value>
</greater-than>
</condition>
 </animation>

</PropertyList>
