<?xml version="1.0"?>

<PropertyList>
  <name>tiller_steering</name>
  <layout>vbox</layout>
  <draggable>true</draggable>
  <resizable>true</resizable>

  <nasal>
    <open>
      setprop("fdm/jsbsim/fcs/tiller-cmd-norm", 0.0);
    </open>
    <close>
      setprop("fdm/jsbsim/fcs/tiller-cmd-norm", 0.0);
    </close>
  </nasal>

  <group>
    <layout>hbox</layout>
    <text>
      <label>Tiller Steering</label>
    </text>

    <empty>
      <stretch>true</stretch>
    </empty>

    <button>
      <legend/>
      <key>Esc</key>
      <pref-width>16</pref-width>
      <pref-height>16</pref-height>
      <border>2</border>
      <binding>
        <command>dialog-close</command>
      </binding>
    </button>
  </group>

  <hrule/>

  <group>
    <stretch>true</stretch>
    <layout>vbox</layout>
    <halign>left</halign>
    <valign>top</valign>
    <padding>5</padding>
    <pref-width>300</pref-width>
  
    <group>
      <layout>hbox</layout>
      <halign>center</halign>
      
      <dial>
        <min>-1</min>
        <max>1</max>
        <wrap>false</wrap>
	<live>true</live>
	<property>/fdm/jsbsim/fcs/tiller-cmd-norm</property>
        <binding>
          <command>dialog-apply</command>
        </binding>
      </dial>
      
      <group>
        <layout>vbox</layout>
        <halign>left</halign>
        
        <text>
          <halign>left</halign>
          <property>fdm/jsbsim/fcs/steer-pos-deg</property>
          <format>%2.0f degrees</format>
          <live>true</live>
        </text>
        <button>
          <legend>Center</legend>
          <border>2</border>
          <binding>
            <command>nasal</command>
            <script>
              setprop("fdm/jsbsim/fcs/tiller-cmd-norm", 0.0);
            </script>
          </binding>
          <binding>
            <command>dialog-update</command>
          </binding>
        </button>
        
      </group>
    </group>
  </group>

  <hrule/>

</PropertyList>
